,Commune,Total,1HH,2HH,3HH,4HH,5HH,6HH
0,Switzerland,8317056,1320230,2434588,1477575,1892056,792445,400162
1,Aeugst am Albis,1931,233,566,351,516,170,95
2,Affoltern am Albis,11741,1771,3498,1995,2628,1205,644
3,Bonstetten,5491,646,1606,960,1620,500,159
4,Hausen am Albis,3641,432,1084,609,980,365,171
5,Hedingen,3680,413,1076,639,1016,365,171
6,Kappel am Albis,1118,141,324,117,304,150,82
7,Knonau,2292,225,618,402,668,245,134
8,Maschwanden,640,78,170,117,152,95,28
9,Mettmenstetten,4823,496,1448,795,1312,560,212
10,Obfelden,5321,629,1520,984,1388,575,225
11,Ottenbach,2557,301,860,462,632,210,92
12,Rifferswil,1099,123,264,180,300,195,37
13,Stallikon,3705,386,1188,660,1056,265,150
14,Wettswil am Albis,5084,545,1582,969,1444,390,154
15,Adlikon,656,64,220,75,168,90,39
16,Benken (ZH),851,107,272,132,208,90,42
17,Berg am Irchel,563,67,240,84,124,30,18
18,Buch am Irchel,966,76,282,171,244,120,73
19,Dachsen,1912,200,574,285,548,190,115
20,Dorf,681,51,188,132,228,50,32
21,Feuerthalen,3588,558,1100,588,940,300,102
22,Flaach,1379,179,390,243,352,140,75
23,Flurlingen,1429,169,472,267,332,125,64
24,Andelfingen,2189,275,662,306,564,280,102
25,Henggart,2259,218,700,336,628,300,77
26,Humlikon,482,30,150,63,148,55,36
27,Kleinandelfingen,2064,238,652,342,556,195,81
28,Laufen-Uhwiesen,1648,201,552,237,400,200,58
29,Marthalen,1934,258,620,339,444,205,68
30,Oberstammheim,1190,151,390,165,232,155,97
31,Ossingen,1542,177,516,267,332,185,65
32,Rheinau,1273,206,418,228,256,115,50
33,Thalheim an der Thur,926,106,284,162,200,90,84
34,Trüllikon,1053,136,396,117,212,130,62
35,Truttikon,473,46,128,78,124,60,37
36,Unterstammheim,885,89,240,147,192,140,77
37,Volken,339,43,96,48,72,55,25
38,Waltalingen,652,64,230,117,156,65,20
39,Bachenbülach,4073,529,1292,708,964,425,155
40,Bassersdorf,11537,1448,3446,2070,3052,925,596
41,Bülach,19558,2791,5922,3615,4632,1700,898
42,Dietlikon,7616,1147,2454,1317,1620,650,428
43,Eglisau,5148,552,1494,957,1408,475,262
44,Embrach,9332,1140,2668,1698,2168,1050,608
45,Freienstein-Teufen,2345,241,780,438,552,225,109
46,Glattfelden,5128,612,1466,1011,1372,425,242
47,Hochfelden,1921,197,558,336,528,175,127
48,Höri,2689,305,700,510,684,290,200
49,Hüntwangen,1025,100,306,204,268,95,52
50,Kloten,19140,3268,5700,3744,3864,1745,819
51,Lufingen,2374,199,700,462,696,230,87
52,Nürensdorf,5570,728,1892,936,1352,460,202
53,Oberembrach,1046,141,426,156,200,110,13
54,Opfikon,19746,3508,5412,3489,4088,2025,1224
55,Rafz,4457,515,1398,798,1104,490,152
56,Rorbas,2821,319,686,486,820,390,120
57,Wallisellen,15681,2509,4814,3015,3424,1355,564
58,Wasterkingen,573,72,200,84,156,35,26
59,Wil (ZH),1392,157,452,255,316,145,67
60,Winkel,4506,546,1636,876,1048,265,135
61,Bachs,591,45,208,93,132,100,13
62,Boppelsen,1366,144,404,198,440,155,25
63,Buchs (ZH),6279,788,1868,1167,1592,595,269
64,Dällikon,4099,497,1204,807,1024,355,212
65,Dänikon,1862,199,542,426,472,125,98
66,Dielsdorf,5922,813,1788,1065,1288,635,333
67,Hüttikon,925,63,262,186,288,95,31
68,Neerach,3127,417,1210,615,612,205,68
69,Niederglatt,4885,622,1386,873,1232,470,302
70,Niederhasli,9142,1072,2552,1806,2468,895,349
71,Niederweningen,2986,289,828,522,872,315,160
72,Oberglatt,6920,998,1788,1185,1692,740,517
73,Oberweningen,1788,186,626,345,404,150,77
74,Otelfingen,2807,279,798,564,776,280,110
75,Regensberg,472,84,160,63,108,45,12
76,Regensdorf,18097,2593,5208,3471,4260,1715,850
77,Rümlang,7816,1132,2242,1467,1904,695,376
78,Schleinikon,728,79,220,129,208,80,12
79,Schöfflisdorf,1394,171,464,261,304,120,74
80,Stadel,2269,290,706,408,536,225,104
81,Steinmaur,3430,502,1138,516,808,315,151
82,Weiach,1747,207,566,321,372,160,121
83,Bäretswil,4985,551,1602,858,1200,495,279
84,Bubikon,7125,738,2244,1038,1956,770,379
85,Dürnten,7431,884,2108,1302,1884,785,468
86,Fischenthal,2468,237,710,402,596,330,193
87,Gossau (ZH),9876,1193,3160,1608,2444,965,506
88,Grüningen,3356,429,1060,564,760,390,153
89,Hinwil,11168,1595,3644,1875,2460,1040,554
90,Rüti (ZH),11929,2020,3524,1926,2660,1200,599
91,Seegräben,1425,151,460,252,308,155,99
92,Wald (ZH),9646,1415,2930,1671,2140,980,510
93,Wetzikon (ZH),24136,3361,7110,4368,5392,2350,1555
94,Adliswil,18568,3128,5810,3495,4208,1360,567
95,Hirzel,2169,219,610,396,604,215,125
96,Horgen,20002,2864,5866,3639,5008,1780,845
97,Hütten,885,91,218,192,180,130,74
98,Kilchberg (ZH),8428,1516,2418,1635,1924,780,155
99,Langnau am Albis,7454,1058,2152,1293,1952,765,234
100,Oberrieden,5020,819,1534,936,1188,380,163
101,Richterswil,13318,1837,3956,2523,3344,1135,523
102,Rüschlikon,5794,760,1666,1173,1420,465,310
103,Schönenberg (ZH),1820,203,580,342,404,215,76
104,Thalwil,17703,3073,5372,3159,4148,1395,556
105,Wädenswil,21457,3211,6280,3720,4764,2030,1452
106,Erlenbach (ZH),5505,744,1584,990,1384,555,248
107,Herrliberg,6202,861,1788,1068,1656,600,229
108,Hombrechtikon,8461,1141,2582,1434,2080,875,349
109,Küsnacht (ZH),14087,2351,4222,2319,3484,1290,421
110,Männedorf,10791,1602,3286,1866,2868,920,249
111,Meilen,13744,2028,4178,2337,3652,1150,399
112,Oetwil am See,4726,659,1288,846,1180,460,293
113,Stäfa,14204,2229,4746,2445,3168,1250,366
114,Uetikon am See,6092,713,1830,1248,1640,500,161
115,Zumikon,5094,762,1474,834,1340,500,184
116,Zollikon,12774,2189,3714,2418,2972,1165,316
117,Fehraltorf,6351,741,1932,1209,1696,590,183
118,Hittnau,3581,420,1022,654,888,435,162
119,Lindau,5604,583,1702,1002,1392,640,285
120,Pfäffikon,11687,1714,3734,1923,2792,1060,464
121,Russikon,4323,417,1302,750,1204,415,235
122,Weisslingen,3267,334,994,528,912,345,154
123,Wila,1951,270,640,321,408,230,82
124,Wildberg,988,105,320,156,224,135,48
125,Dübendorf,27633,4772,8494,5151,6164,2120,932
126,Egg,8348,1162,2508,1437,2148,845,248
127,Fällanden,8542,1230,2538,1533,2224,725,292
128,Greifensee,5298,672,1592,993,1264,565,212
129,Maur,10069,1333,3034,1803,2700,905,294
130,Mönchaltorf,3689,457,1130,633,952,340,177
131,Schwerzenbach,5030,756,1542,885,1200,475,172
132,Uster,34019,5233,10212,6009,8208,3045,1312
133,Volketswil,18476,2058,5420,3315,4780,1910,993
134,Wangen-Brüttisellen,7837,905,2238,1590,1956,770,378
135,Altikon,674,83,226,120,152,55,38
136,Brütten,2012,218,710,354,492,145,93
137,Dägerlen,1009,81,294,159,284,120,71
138,Dättlikon,781,67,236,144,192,105,37
139,Dinhard,1552,141,530,261,412,145,63
140,Elgg,4383,641,1352,684,964,425,317
141,Ellikon an der Thur,894,102,242,132,232,115,71
142,Elsau,3614,356,1062,633,944,415,204
143,Hagenbuch,1090,143,340,204,216,125,62
144,Hettlingen,3160,279,854,519,1008,400,100
145,Hofstetten (ZH),494,34,126,84,132,65,53
146,Neftenbach,5512,590,1568,1005,1524,590,235
147,Pfungen,3811,492,1088,657,856,495,223
148,Rickenbach (ZH),2634,291,738,483,704,265,153
149,Schlatt (ZH),734,68,186,135,188,110,47
150,Seuzach,7226,987,2502,1332,1664,570,171
151,Turbenthal,4729,550,1390,825,1072,545,347
152,Winterthur,108820,19162,32622,18771,23540,9835,4890
153,Zell (ZH),5836,775,1744,945,1424,635,313
154,Aesch (ZH),1340,180,450,225,328,125,32
155,Birmensdorf (ZH),6338,925,2048,1143,1484,555,183
156,Dietikon,26601,4297,7574,4806,5640,2635,1649
157,Geroldswil,4886,683,1412,906,1180,420,285
158,Oberengstringen,6458,1107,2032,1209,1396,520,194
159,Oetwil an der Limmat,2446,438,878,339,520,195,76
160,Schlieren,18418,2952,5028,3444,4052,1790,1152
161,Uitikon,4212,479,1382,732,1136,355,128
162,Unterengstringen,3760,548,1220,654,764,345,229
163,Urdorf,9662,1645,2908,1737,2196,800,376
164,Weiningen (ZH),4736,565,1422,828,1048,535,338
165,Zürich,394429,88702,118110,70500,72020,28040,17057
166,Illnau-Effretikon,16799,2716,5148,2715,3776,1440,1004
167,Bauma,4873,623,1482,858,1084,545,281
168,Wiesendangen,6337,577,1862,1065,1916,700,217
169,Aarberg,4526,731,1542,723,1024,340,166
170,Bargen (BE),997,119,290,195,264,115,14
171,Grossaffoltern,2985,378,1028,456,728,285,110
172,Kallnach,1884,233,670,348,448,155,30
173,Kappelen,1354,192,408,222,404,110,18
174,Lyss,14720,2394,4782,2601,3340,1210,393
175,Meikirch,2468,282,878,399,524,270,115
176,Radelfingen,1256,179,438,222,244,130,43
177,Rapperswil (BE),2620,313,868,414,640,285,100
178,Schüpfen,3714,512,1280,591,884,295,152
179,Seedorf (BE),3070,423,1098,468,720,255,106
180,Aarwangen,4379,581,1358,696,1008,485,251
181,Auswil,438,69,134,69,92,55,19
182,Bannwil,674,102,212,108,144,75,33
183,Bleienbach,691,109,242,96,168,45,31
184,Busswil bei Melchnau,188,30,76,36,24,10,12
185,Gondiswil,727,104,224,114,188,70,27
186,Langenthal,15378,2790,4664,2577,3112,1430,805
187,Lotzwil,2513,361,744,408,564,285,151
188,Madiswil,3229,437,966,492,748,360,226
189,Melchnau,1502,229,498,192,308,185,90
190,Obersteckholz,405,53,128,63,84,40,37
191,Oeschenbach,238,32,86,36,52,20,12
192,Reisiswil,177,26,64,24,32,10,21
193,Roggwil (BE),3981,510,1276,681,928,375,211
194,Rohrbach,1443,235,474,198,368,125,43
195,Rohrbachgraben,396,31,108,36,88,90,43
196,Rütschelen,550,54,184,66,148,60,38
197,Schwarzhäusern,510,49,176,99,124,50,12
198,Thunstetten,3288,417,1138,498,740,355,140
199,Ursenbach,883,115,254,135,188,130,61
200,Wynau,1610,230,550,255,324,155,96
201,Bern,128364,28457,36670,22233,22592,10340,8072
202,Bolligen,6151,868,2190,972,1384,530,207
203,Bremgarten bei Bern,4363,570,1444,789,1120,315,125
204,Kirchlindach,2954,451,1100,510,604,225,64
205,Köniz,40857,6824,12610,7077,8828,3550,1968
206,Muri bei Bern,12642,2060,4302,2037,2896,990,357
207,Oberbalm,869,125,286,150,160,90,58
208,Stettlen,3052,380,1066,507,708,290,101
209,Vechigen,5179,640,1792,870,1256,490,131
210,Wohlen bei Bern,9133,1283,3308,1395,2008,770,369
211,Zollikofen,10003,1741,3238,1677,2012,990,345
212,Ittigen,11086,1914,3576,1866,2208,990,532
213,Ostermundigen,17219,3480,5676,2949,3376,1300,438
214,Biel/Bienne,53683,12600,14182,9213,9620,4700,3368
215,Evilard,2608,303,806,459,608,310,122
216,Arch,1559,241,502,282,372,125,37
217,Büetigen,847,79,298,168,176,95,31
218,Büren an der Aare,3501,571,1042,657,812,300,119
219,Diessbach bei Büren,980,112,276,177,276,95,44
220,Dotzigen,1487,133,512,243,376,130,93
221,Lengnau (BE),5139,803,1722,828,1080,510,196
222,Leuzigen,1244,187,400,177,304,120,56
223,Meienried,52,4,30,6,12,0,0
224,Meinisberg,1293,158,422,204,332,95,82
225,Oberwil bei Büren,849,99,282,96,236,75,61
226,Pieterlen,4166,631,1268,687,896,430,254
227,Rüti bei Büren,832,120,290,135,212,50,25
228,Wengi,613,87,198,108,148,65,7
229,Aefligen,1081,165,362,201,260,75,18
230,Alchenstorf,573,77,194,87,164,45,6
231,Bäriswil,1054,122,374,189,268,75,26
232,Burgdorf,15975,3029,5138,2439,3388,1440,541
233,Ersigen,2038,239,710,258,548,220,63
234,Hasle bei Burgdorf,3255,450,1040,486,792,310,177
235,Heimiswil,1593,187,460,234,408,180,124
236,Hellsau,209,20,52,42,52,30,13
237,Hindelbank,2480,364,870,411,528,230,77
238,Höchstetten,274,36,78,36,72,40,12
239,Kernenried,525,48,190,90,132,65,0
240,Kirchberg (BE),5845,847,2062,864,1352,585,135
241,Koppigen,2060,291,690,348,452,200,79
242,Krauchthal,2307,282,784,366,564,215,96
243,Lyssach,1410,222,484,246,292,110,56
244,Mötschwil,123,16,34,27,24,10,12
245,Oberburg,2874,399,950,456,600,335,134
246,Rüdtligen-Alchenflüh,2373,372,790,390,508,215,98
247,Rumendingen,77,14,22,9,32,0,0
248,Rüti bei Lyssach,165,26,58,18,36,15,12
249,Willadingen,206,29,82,30,44,15,6
250,Wynigen,2006,276,658,264,464,255,89
251,Corgémont,1648,240,476,309,400,140,83
252,Cormoret,486,65,146,63,120,80,12
253,Cortébert,693,106,228,111,132,90,26
254,Courtelary,1376,166,402,225,352,150,81
255,La Ferrière,540,58,150,111,136,55,30
256,Mont-Tramelan,117,16,22,15,16,30,18
257,Orvin,1193,162,362,246,244,125,54
258,Renan (BE),908,151,280,147,196,85,49
259,Romont (BE),185,18,76,54,32,5,0
260,Saint-Imier,5043,1126,1316,852,1104,445,200
261,Sonceboz-Sombeval,1859,235,500,354,420,230,120
262,Sonvilier,1228,182,366,174,328,110,68
263,Tramelan,4478,771,1302,666,964,525,250
264,Villeret,903,146,264,180,180,120,13
265,Sauge,799,128,262,126,208,50,25
266,Péry-La Heutte,1908,291,550,312,460,180,115
267,Brüttelen,584,71,220,99,156,25,13
268,Erlach,1415,239,474,282,292,100,28
269,Finsterhennen,552,48,146,108,156,55,39
270,Gals,791,120,240,141,212,40,38
271,Gampelen,907,96,316,177,192,70,56
272,Ins,3490,449,988,648,864,380,161
273,Lüscherz,543,99,200,78,116,50,0
274,Müntschemier,1378,151,404,264,300,185,74
275,Siselen,569,67,190,105,152,30,25
276,Treiten,418,61,136,54,112,30,25
277,Tschugg,443,88,116,72,100,55,12
278,Vinelz,852,120,314,135,180,85,18
279,Bätterkinden,3221,371,1174,540,820,230,86
280,Deisswil bei Münchenbuchsee,72,16,28,15,8,5,0
281,Diemerswil,199,13,42,51,44,35,14
282,Fraubrunnen,4986,557,1672,753,1360,505,139
283,Jegenstorf,5611,813,1858,915,1360,445,220
284,Iffwil,439,33,126,75,108,55,42
285,Mattstetten,565,47,204,105,112,65,32
286,Moosseedorf,4075,638,1314,756,840,380,147
287,Münchenbuchsee,9949,1584,3150,1734,2264,935,282
288,Urtenen-Schönbühl,6163,975,2080,1068,1364,580,96
289,Utzenstorf,4245,594,1438,687,1012,410,104
290,Wiggiswil,101,17,28,18,28,10,0
291,Wiler bei Utzenstorf,896,121,296,129,200,125,25
292,Zielebach,318,47,122,57,72,20,0
293,Zuzwil (BE),567,46,214,69,160,65,13
294,Adelboden,3323,505,940,471,700,425,282
295,Aeschi bei Spiez,2236,355,710,300,504,235,132
296,Frutigen,6829,1005,2032,1029,1504,760,499
297,Kandergrund,771,134,262,120,168,55,32
298,Kandersteg,1272,286,524,198,180,60,24
299,Krattigen,1089,177,422,141,240,85,24
300,Reichenbach im Kandertal,3562,533,1122,561,788,430,128
301,Beatenberg,1148,270,410,150,172,115,31
302,Bönigen,2452,404,794,417,608,140,89
303,Brienz (BE),3049,571,1046,441,568,265,158
304,Brienzwiler,481,97,180,72,80,40,12
305,Därligen,427,74,148,69,84,40,12
306,Grindelwald,3750,811,1286,627,724,230,72
307,Gsteigwiler,397,73,146,69,72,25,12
308,Gündlischwand,324,45,110,45,76,30,18
309,Habkern,628,82,220,81,116,85,44
310,Hofstetten bei Brienz,524,73,200,84,68,65,34
311,Interlaken,5481,1231,1918,879,1020,275,158
312,Iseltwald,431,73,156,54,100,30,18
313,Lauterbrunnen,2311,583,794,408,380,100,46
314,Leissigen,1062,171,362,171,236,85,37
315,Lütschental,217,43,74,27,56,10,7
316,Matten bei Interlaken,3990,671,1452,705,868,245,49
317,Niederried bei Interlaken,348,67,162,30,64,10,15
318,Oberried am Brienzersee,473,108,198,51,84,20,12
319,Ringgenberg (BE),2561,483,878,372,548,220,60
320,Saxeten,100,23,40,21,16,0,0
321,Schwanden bei Brienz,593,112,242,90,68,50,31
322,Unterseen,5615,1054,1988,879,1216,355,123
323,Wilderswil,2629,448,918,408,560,205,90
324,Arni (BE),925,134,290,132,236,90,43
325,Biglen,1784,270,620,300,360,160,74
326,Bowil,1338,179,426,183,328,150,72
327,Brenzikofen,483,74,182,69,96,50,12
328,Freimettigen,470,50,144,66,160,50,0
329,Grosshöchstetten,3510,487,1206,486,864,335,132
330,Häutligen,248,25,78,42,68,35,0
331,Herbligen,586,57,180,93,140,80,36
332,Kiesen,979,112,340,150,264,95,18
333,Konolfingen,5141,805,1786,774,1116,475,185
334,Landiswil,615,69,198,96,120,100,32
335,Linden,1161,161,316,180,260,175,69
336,Mirchel,624,65,184,90,180,60,45
337,Münsingen,12356,1788,4278,1884,2856,1140,410
338,Niederhünigen,607,71,180,87,172,90,7
339,Oberdiessbach,3467,412,1192,603,744,300,216
340,Oberthal,718,102,228,99,184,80,25
341,Oppligen,640,77,180,141,124,70,48
342,Rubigen,2911,370,1054,498,708,195,86
343,Schlosswil,627,83,218,114,128,65,19
344,Walkringen,1736,237,594,225,412,170,98
345,Worb,11119,1788,3696,1794,2420,885,536
346,Zäziwil,1600,221,512,231,428,150,58
347,Oberhünigen,303,32,110,36,28,60,37
348,Allmendingen,576,68,210,126,80,60,32
349,Wichtrach,4274,557,1412,693,1160,360,92
350,Clavaleyres,46,6,12,3,8,5,12
351,Ferenbalm,1227,142,504,189,220,120,52
352,Frauenkappelen,1219,176,460,210,256,90,27
353,Golaten,301,31,134,51,52,15,18
354,Gurbrü,246,24,64,45,80,15,18
355,Kriechenwil,415,72,154,42,88,25,34
356,Laupen,3043,559,1078,453,608,265,80
357,Mühleberg,2917,409,1156,435,616,245,56
358,Münchenwiler,514,46,172,84,136,40,36
359,Neuenegg,5475,729,1910,879,1344,440,173
360,Wileroltigen,356,40,108,66,112,30,0
361,Belprahon,297,27,110,63,56,35,6
362,Champoz,168,13,34,39,56,20,6
363,Corcelles (BE),201,31,66,24,28,40,12
364,Court,1413,171,460,228,336,125,93
365,Crémines,507,96,152,72,100,55,32
366,Eschert,386,44,120,78,92,40,12
367,Grandval,386,50,116,57,116,35,12
368,Loveresse,320,38,112,51,68,45,6
369,Moutier,7336,1313,2198,1314,1540,660,311
370,Perrefitte,458,57,144,81,100,55,21
371,Reconvilier,2243,376,630,411,472,255,99
372,Roches (BE),195,30,68,24,68,5,0
373,Saicourt,615,79,196,96,148,65,31
374,Saules (BE),152,17,54,33,16,20,12
375,Schelten,33,4,6,6,4,0,13
376,Seehof,63,6,10,21,4,10,12
377,Sorvilier,275,42,92,45,76,20,0
378,Tavannes,3560,672,1004,567,812,390,115
379,Rebévelier,42,3,18,0,8,0,13
380,Petit-Val,401,42,104,72,104,55,24
381,Valbirse,3946,587,1168,717,988,375,111
382,La Neuveville,3665,677,1124,636,840,330,58
383,Nods,755,97,204,117,224,75,38
384,Plateau de Diesse,1987,282,574,321,520,185,105
385,Aegerten,2028,305,678,342,376,175,152
386,Bellmund,1638,126,526,297,480,150,59
387,Brügg,4234,828,1276,750,876,375,129
388,Bühl,448,61,188,72,92,35,0
389,Epsach,320,29,82,87,88,10,24
390,Hagneck,403,41,156,75,108,10,13
391,Hermrigen,309,34,112,36,84,25,18
392,Jens,664,66,220,132,160,55,31
393,Ipsach,3954,613,1422,573,928,335,83
394,Ligerz,563,94,214,84,120,45,6
395,Merzligen,399,43,172,57,68,45,14
396,Mörigen,887,81,342,156,212,45,51
397,Nidau,6684,1533,2182,1041,1068,535,325
398,Orpund,2683,445,932,456,584,190,76
399,Port,3589,503,1264,648,856,225,93
400,Safnern,1890,229,670,327,460,155,49
401,Scheuren,445,49,152,63,124,25,32
402,Schwadernau,670,66,214,117,172,55,46
403,Studen (BE),3249,437,1060,531,828,280,113
404,Sutz-Lattrigen,1372,168,456,276,320,90,62
405,Täuffelen,2785,370,1048,420,664,210,73
406,Walperswil,997,98,384,165,260,65,25
407,Worben,2249,312,818,378,520,145,76
408,Twann-Tüscherz,1121,217,450,180,188,55,31
409,Därstetten,833,109,266,147,160,95,56
410,Diemtigen,2182,320,682,318,500,270,92
411,Erlenbach im Simmental,1709,273,556,258,352,170,100
412,Oberwil im Simmental,780,111,286,102,196,55,30
413,Reutigen,978,143,356,168,184,85,42
414,Spiez,12521,2109,4430,2040,2644,950,348
415,Wimmis,2419,371,738,429,520,245,116
416,Stocken-Höfen,999,118,346,165,208,125,37
417,Guttannen,263,38,90,36,68,25,6
418,Hasliberg,1112,175,332,147,240,130,88
419,Innertkirchen,1065,177,346,162,240,115,25
420,Meiringen,4610,795,1508,768,1048,375,116
421,Schattenhalb,556,87,194,87,120,50,18
422,Boltigen,1256,173,418,213,256,140,56
423,Lenk,2312,403,764,357,508,205,75
424,St. Stephan,1303,212,392,231,244,145,79
425,Zweisimmen,2973,452,1066,447,580,270,158
426,Gsteig,975,188,308,168,188,105,18
427,Lauenen,821,123,238,126,152,145,37
428,Saanen,6806,1377,1866,1257,1344,585,377
429,Guggisberg,1507,175,436,252,328,185,131
430,Rüschegg,1608,266,662,213,328,90,49
431,Schwarzenburg,6713,1066,2242,1068,1508,650,179
432,Belp,11290,1767,3796,1992,2448,890,397
433,Burgistein,1076,137,336,183,240,135,45
434,Gelterfingen,302,58,110,48,52,10,24
435,Gerzensee,1178,145,414,204,252,145,18
436,Gurzelen,818,95,230,114,220,105,54
437,Jaberg,268,31,74,30,80,35,18
438,Kaufdorf,1079,101,332,174,300,140,32
439,Kehrsatz,4209,564,1280,606,1016,440,303
440,Kirchdorf (BE),967,106,326,171,232,120,12
441,Kirchenthurnen,269,47,104,39,52,20,7
442,Lohnstorf,222,26,68,24,76,15,13
443,Mühledorf (BE),257,32,84,24,60,45,12
444,Mühlethurnen,1357,163,430,252,320,155,37
445,Niedermuhlern,494,59,188,75,96,50,26
446,Noflen,295,34,80,42,64,75,0
447,Riggisberg,2444,355,766,402,560,220,141
448,Rüeggisberg,1754,291,570,240,424,165,64
449,Rümligen,438,56,156,93,100,20,13
450,Seftigen,2162,275,818,342,472,165,90
451,Toffen,2527,317,918,417,604,205,66
452,Uttigen,2049,219,690,339,496,255,50
453,Wattenwil,2850,415,800,483,684,285,183
454,Wald (BE),1159,135,416,162,292,100,54
455,Eggiwil,2406,249,708,387,556,335,171
456,Langnau im Emmental,9213,1413,3012,1353,1856,1060,519
457,Lauperswil,2591,363,900,375,584,240,129
458,Röthenbach im Emmental,1163,147,314,147,232,210,113
459,Rüderswil,2327,311,770,306,604,245,91
460,Schangnau,887,124,248,126,228,125,36
461,Signau,2626,386,854,423,548,225,190
462,Trub,1317,122,356,171,292,200,176
463,Trubschachen,1393,191,412,207,304,160,119
464,Amsoldingen,818,98,314,102,188,80,36
465,Blumenstein,1203,156,418,228,244,120,37
466,Buchholterberg,1529,153,494,294,340,180,68
467,Eriz,487,68,160,102,80,50,27
468,Fahrni,780,89,232,129,280,20,30
469,Heiligenschwendi,668,140,236,93,124,45,30
470,Heimberg,6718,928,2372,1083,1524,520,291
471,Hilterfingen,3974,767,1344,570,884,310,99
472,Homberg,520,54,130,66,140,75,55
473,Horrenbach-Buchen,221,27,72,36,28,30,28
474,Oberhofen am Thunersee,2391,463,970,309,488,105,56
475,Oberlangenegg,464,62,136,66,124,50,26
476,Pohlern,255,34,92,27,60,30,12
477,Schwendibach,236,37,54,54,48,25,18
478,Sigriswil,4697,981,1932,642,752,255,135
479,Steffisburg,15536,2599,5300,2490,3420,1170,557
480,Teuffenthal (BE),164,21,48,33,40,10,12
481,Thierachern,2382,298,744,354,636,225,125
482,Thun,42778,8053,15254,6696,8232,3225,1318
483,Uebeschi,680,69,198,96,180,75,62
484,Uetendorf,5871,768,2200,903,1356,455,189
485,Unterlangenegg,971,123,300,129,268,105,46
486,Wachseldorn,234,30,60,48,40,50,6
487,Zwieselberg,321,23,90,42,92,40,34
488,Forst-Längenbühl,770,104,234,129,192,80,31
489,Affoltern im Emmental,1112,143,356,198,220,130,65
490,Dürrenroth,1031,136,312,138,208,165,72
491,Eriswil,1366,175,432,156,300,165,138
492,Huttwil,4752,793,1512,714,976,510,247
493,Lützelflüh,4107,587,1350,627,856,450,237
494,Rüegsau,3187,438,1008,564,696,285,196
495,Sumiswald,4949,805,1594,684,1060,545,261
496,Trachselwald,942,134,272,153,156,125,102
497,Walterswil (BE),545,38,126,99,144,70,68
498,Wyssachen,1132,151,348,165,232,125,111
499,Attiswil,1434,212,512,249,324,100,37
500,Berken,42,7,20,6,4,5,0
501,Bettenhausen,633,98,258,81,128,50,18
502,Farnern,202,31,84,45,32,10,0
503,Graben,329,46,92,60,56,50,25
504,Heimenhausen,1109,154,400,159,272,100,24
505,Herzogenbuchsee,7022,1127,2390,1008,1452,770,275
506,Inkwil,600,106,256,75,84,60,19
507,Niederbipp,4649,650,1412,849,1120,370,248
508,Niederönz,1659,215,562,285,408,165,24
509,Oberbipp,1707,224,518,369,360,160,76
510,Ochlenberg,552,75,188,75,108,75,31
511,Rumisberg,482,60,180,96,96,50,0
512,Seeberg,1526,213,504,240,280,175,114
513,Thörigen,1114,175,344,201,260,115,19
514,Walliswil bei Niederbipp,220,39,82,36,32,25,6
515,Walliswil bei Wangen,589,85,218,75,156,55,0
516,Wangen an der Aare,2270,385,750,390,508,160,77
517,Wangenried,415,53,144,57,96,35,30
518,Wiedlisbach,2285,440,754,390,496,150,55
519,Wolfisberg,177,34,62,24,36,15,6
520,Doppleschwand,775,84,132,87,276,115,81
521,Entlebuch,3251,449,808,459,804,470,261
522,Flühli,1675,234,434,255,408,210,134
523,Hasle (LU),1716,180,414,249,432,295,146
524,Romoos,654,59,200,69,124,105,97
525,Schüpfheim,4106,461,1004,627,964,710,340
526,Werthenstein,2077,219,502,369,500,295,192
527,Escholzmatt-Marbach,4261,535,1120,627,896,690,393
528,Aesch (LU),1193,156,420,174,252,125,66
529,Altwis,436,22,110,81,100,60,63
530,Ballwil,2751,289,784,369,792,355,162
531,Emmen,30093,4822,8840,5346,6808,2725,1552
532,Ermensee,974,84,246,165,236,150,93
533,Eschenbach (LU),3548,403,1076,528,960,435,146
534,Hitzkirch,5126,469,1326,825,1272,780,454
535,Hochdorf,9490,1223,2584,1707,2504,1060,412
536,Hohenrain,2451,195,622,345,640,410,239
537,Inwil,2531,296,640,429,672,345,149
538,Rain,2738,238,716,444,876,370,94
539,Römerswil,1756,185,442,237,432,285,175
540,Rothenburg,7457,735,2188,1257,2196,765,316
541,Schongau,1036,86,256,159,264,165,106
542,Adligenswil,5316,509,1656,975,1428,500,248
543,Buchrain,6036,605,1694,1221,1620,625,271
544,Dierikon,1493,156,458,309,416,110,44
545,Ebikon,13294,1879,4208,2328,3064,1290,525
546,Gisikon,1326,144,398,246,360,140,38
547,Greppen,1070,110,296,162,320,140,42
548,Honau,390,33,114,69,108,40,26
549,Horw,13528,2084,4372,2001,3320,1200,551
550,Kriens,26586,4271,8412,4548,6096,2355,904
551,Luzern,78989,18660,26598,12780,13800,5310,1841
552,Malters,7151,867,1962,1197,1824,790,511
553,Meggen,7031,1019,2386,1128,1636,635,227
554,Meierskappel,1356,127,380,198,328,230,93
555,Root,4948,511,1352,834,1384,555,312
556,Schwarzenberg,1679,179,488,273,468,175,96
557,Udligenswil,2233,218,618,426,652,220,99
558,Vitznau,1362,238,460,252,248,80,84
559,Weggis,4304,781,1576,708,752,325,162
560,Beromünster,6388,699,1640,951,1616,920,562
561,Büron,2419,233,616,399,672,315,184
562,Buttisholz,3218,304,710,486,908,555,255
563,Eich,1611,193,564,255,416,120,63
564,Geuensee,2872,257,746,471,868,345,185
565,Grosswangen,3230,319,778,492,792,550,299
566,Hildisrieden,2224,193,768,378,452,290,143
567,Knutwil,2169,215,538,309,684,290,133
568,Mauensee,1476,117,406,255,376,190,132
569,Neuenkirch,7036,677,1900,1038,1944,990,487
570,Nottwil,3808,390,990,615,1076,480,257
571,Oberkirch,4595,481,1356,744,1188,590,236
572,Rickenbach (LU),3198,332,856,513,788,505,204
573,Ruswil,6747,740,1772,999,1664,1065,507
574,Schenkon,2851,297,874,468,824,265,123
575,Schlierbach,873,76,188,105,308,140,56
576,Sempach,4069,409,1090,609,1236,555,170
577,Sursee,9806,1577,3194,1632,2116,895,392
578,Triengen,4587,405,1062,765,1120,635,600
579,Wolhusen,4292,532,1070,672,980,570,468
580,Alberswil,654,69,168,129,172,80,36
581,Altbüron,1015,89,268,189,280,115,74
582,Altishofen,1538,141,392,252,448,175,130
583,Dagmersellen,5323,637,1536,894,1416,560,280
584,Ebersecken,379,33,68,63,68,85,62
585,Egolzwil,1464,189,418,252,332,205,68
586,Ettiswil,2653,292,702,372,760,340,187
587,Fischbach,683,60,180,120,152,120,51
588,Gettnau,1129,112,240,216,280,145,136
589,Grossdietwil,855,81,230,141,192,125,86
590,Hergiswil bei Willisau,1871,170,416,279,504,345,157
591,Luthern,1246,109,306,204,236,240,151
592,Menznau,2858,326,694,441,648,495,254
593,Nebikon,2620,276,690,486,756,270,142
594,Pfaffnau,2619,340,818,405,576,320,160
595,Reiden,6948,927,1966,1254,1664,790,347
596,Roggliswil,673,75,190,129,128,115,36
597,Schötz,4332,503,1116,675,1224,570,244
598,Ufhusen,884,92,216,108,216,155,97
599,Wauwil,2153,214,634,369,516,300,120
600,Wikon,1497,195,404,237,380,150,131
601,Zell (LU),1973,208,502,330,512,260,161
602,Willisau,7724,998,2124,1263,1808,1035,496
603,Altdorf (UR),9005,1406,2800,1419,2032,1015,333
604,Andermatt,1333,291,446,234,224,100,38
605,Attinghausen,1690,159,444,249,448,285,105
606,Bauen,167,37,52,15,48,15,0
607,Bürglen (UR),3915,442,1084,621,1028,595,145
608,Erstfeld,3707,537,1108,618,832,370,242
609,Flüelen,1952,270,604,291,492,190,105
610,Göschenen,423,68,158,63,84,50,0
611,Gurtnellen,558,85,168,75,96,85,49
612,Hospental,190,36,58,36,28,20,12
613,Isenthal,492,38,110,69,108,115,52
614,Realp,151,34,60,27,24,0,6
615,Schattdorf,5282,525,1742,795,1432,580,208
616,Seedorf (UR),1792,170,420,264,540,270,128
617,Seelisberg,631,96,208,81,136,80,30
618,Silenen,1942,209,560,309,444,250,170
619,Sisikon,361,58,106,51,80,20,46
620,Spiringen,834,80,240,117,180,140,77
621,Unterschächen,714,62,158,111,208,125,50
622,Wassen,399,63,116,60,92,50,18
623,Einsiedeln,15276,2133,4418,2472,3680,1730,843
624,Gersau,2240,415,752,369,424,185,95
625,Feusisberg,5191,719,1666,951,1188,515,152
626,Freienbach,16019,2393,5074,2973,3660,1360,559
627,Wollerau,7014,919,2250,1374,1536,705,230
628,Küssnacht (SZ),12547,1817,4040,2115,2864,1275,436
629,Altendorf,6824,878,2250,1197,1588,615,296
630,Galgenen,5183,615,1476,1002,1336,505,249
631,Innerthal,175,24,54,27,40,30,0
632,Lachen,8491,1346,2864,1431,1792,775,283
633,Reichenburg,3593,419,1016,690,892,380,196
634,Schübelbach,9057,1188,2498,1647,2200,960,564
635,Tuggen,3294,420,958,597,812,340,167
636,Vorderthal,1009,161,316,183,208,110,31
637,Wangen (SZ),4905,634,1558,903,1236,440,134
638,Alpthal,608,88,180,99,112,85,44
639,Arth,11699,1544,3286,1950,2828,1350,741
640,Illgau,793,74,168,111,180,165,95
641,Ingenbohl,8436,1286,2692,1392,1920,785,361
642,Lauerz,1080,112,278,195,284,175,36
643,Morschach,1091,169,278,162,256,150,76
644,Muotathal,3456,403,880,522,840,505,306
645,Oberiberg,871,174,330,96,168,85,18
646,Riemenstalden,88,12,14,3,8,20,31
647,Rothenthurm,2368,269,568,363,612,355,201
648,Sattel,1920,244,522,318,460,285,91
649,Schwyz,14697,2086,4162,2571,3184,1745,949
650,Steinen,3324,377,918,543,848,380,258
651,Steinerberg,938,96,294,147,184,125,92
652,Unteriberg,2387,374,636,414,564,270,129
653,Alpnach,5951,755,1664,1128,1484,590,330
654,Engelberg,4075,826,1242,603,852,340,212
655,Giswil,3619,439,1050,561,872,470,227
656,Kerns,6147,740,1656,966,1556,740,489
657,Lungern,2085,308,618,312,472,245,130
658,Sachseln,5042,606,1454,765,1332,645,240
659,Sarnen,10094,1459,3082,1722,2448,895,488
660,Beckenried,3603,505,1116,603,832,410,137
661,Buochs,5344,698,1580,963,1276,610,217
662,Dallenwil,1801,228,506,273,460,230,104
663,Emmetten,1392,267,488,240,284,75,38
664,Ennetbürgen,4642,721,1702,744,1032,320,123
665,Ennetmoos,2131,249,638,348,540,230,126
666,Hergiswil (NW),5655,944,2046,987,1064,410,204
667,Oberdorf (NW),3094,354,934,471,796,410,129
668,Stans,8132,1123,2400,1467,2044,810,288
669,Stansstad,4440,787,1710,780,780,270,113
670,Wolfenschiessen,2064,222,548,321,500,320,153
671,Glarus Nord,17948,2628,5256,3090,4388,1815,771
672,Glarus Süd,9389,1606,3138,1704,1776,715,450
673,Glarus,12261,1991,3612,2118,3064,1070,406
674,Baar,24046,3448,7134,4143,6116,2390,815
675,Cham,16262,2067,4738,3105,4252,1615,485
676,Hünenberg,8778,858,2414,1554,2544,1035,373
677,Menzingen,4237,506,1216,738,1000,525,252
678,Neuheim,2238,228,624,354,548,355,129
679,Oberägeri,5962,776,1702,1053,1508,640,283
680,Risch,10409,1156,3138,1854,2724,1000,537
681,Steinhausen,9759,1185,2944,1785,2584,1015,246
682,Unterägeri,8582,1196,2484,1425,2324,880,273
683,Walchwil,3574,466,1086,660,768,445,149
684,Zug,29467,5293,9166,5415,6332,2430,831
685,Châtillon (FR),459,44,140,87,108,55,25
686,Cheiry,407,45,86,87,92,60,37
687,Cugy (FR),1721,194,410,336,456,220,105
688,Fétigny,1041,106,236,186,364,100,49
689,Gletterens,1051,102,304,180,280,150,35
690,Lully (FR),1156,91,256,192,428,140,49
691,Ménières,413,35,90,87,136,40,25
692,Montagny (FR),2510,279,636,474,676,325,120
693,Nuvilly,420,42,96,87,112,65,18
694,Prévondavaux,70,7,16,15,24,0,8
695,Saint-Aubin (FR),1747,201,430,321,512,195,88
696,Sévaz,290,28,78,57,92,10,25
697,Surpierre,709,75,176,147,140,100,71
698,Vallon,435,60,104,93,116,50,12
699,Les Montets,1380,164,346,264,348,185,73
700,Delley-Portalban,1087,152,330,198,288,95,24
701,Belmont-Broye,5365,584,1262,1038,1424,715,342
702,Estavayer,9336,1171,2412,1758,2464,1075,456
703,Cheyres-Châbles,2265,259,610,447,560,280,109
704,Auboranges,285,19,72,63,68,50,13
705,Billens-Hennens,744,88,198,126,192,95,45
706,Chapelle (Glâne),278,15,68,54,88,40,13
707,Le Châtelard,371,29,84,45,92,60,61
708,Châtonnaye,816,77,206,129,200,115,89
709,Ecublens (FR),342,29,86,72,76,55,24
710,Grangettes,197,24,34,48,40,40,11
711,Massonnens,522,38,130,93,144,85,32
712,Mézières (FR),1062,91,252,216,336,130,37
713,Montet (Glâne),387,25,82,99,132,30,19
714,Romont (FR),5174,761,1266,1065,1260,560,262
715,Rue,1499,190,406,294,420,120,69
716,Siviriez,2156,216,532,411,588,285,124
717,Ursy,3044,310,768,615,808,385,158
718,Villaz-Saint-Pierre,1284,161,314,225,328,225,31
719,Vuisternens-devant-Romont,2260,213,528,444,568,350,157
720,Villorsonnens,1349,128,324,279,368,175,75
721,Torny,923,79,218,156,272,110,88
722,La Folliaz,978,89,232,228,228,140,61
723,Haut-Intyamon,1516,229,434,261,336,170,86
724,Pont-en-Ogoz,1801,216,488,312,452,260,73
725,Botterens,567,56,146,105,140,90,30
726,Broc,2597,450,738,471,596,235,107
727,Bulle,21627,3399,5608,4299,5304,2145,872
728,Châtel-sur-Montsalvens,282,34,80,57,68,35,8
729,Corbières,871,83,278,156,212,85,57
730,Crésuz,341,67,142,45,56,25,6
731,Echarlens,803,67,198,147,260,105,26
732,Grandvillard,825,100,186,138,248,110,43
733,Gruyères,2184,278,554,423,596,230,103
734,Hauteville,645,60,170,87,228,75,25
735,Jaun,650,70,184,93,172,60,71
736,Marsens,1872,172,426,270,544,340,120
737,Morlon,593,63,166,96,172,70,26
738,Le Pâquier (FR),1287,111,292,267,388,160,69
739,Pont-la-Ville,599,43,168,114,132,110,32
740,Riaz,2605,310,638,546,712,280,119
741,La Roche,1690,176,446,279,508,220,61
742,Sâles,1411,122,326,216,408,215,124
743,Sorens,1075,120,274,183,324,120,54
744,Vaulruz,1052,93,264,213,276,130,76
745,Vuadens,2300,230,558,384,700,330,98
746,Bas-Intyamon,1370,183,386,210,392,140,59
747,Val-de-Charmey,2424,412,718,393,552,260,89
748,Arconciel,915,74,238,159,260,140,44
749,Autigny,784,76,210,144,248,80,26
750,Avry,1873,199,420,378,616,190,70
751,Belfaux,3289,303,774,606,896,530,180
752,Chénens,848,73,174,192,244,125,40
753,Corminboeuf,2540,190,618,525,824,275,108
754,Corserey,419,38,114,57,144,30,36
755,Cottens (FR),1482,121,326,243,476,220,96
756,Ependes (FR),1098,110,230,234,300,130,94
757,Ferpicloz,279,14,70,48,80,55,12
758,Fribourg,36894,7115,9644,6810,7456,3630,2239
759,Givisiez,3091,359,772,690,904,250,116
760,Granges-Paccot,3664,449,912,789,976,360,178
761,Grolley,1876,183,480,399,508,215,91
762,Marly,8026,962,2130,1656,1932,930,416
763,Matran,1514,151,332,288,448,195,100
764,Neyruz (FR),2579,226,598,522,836,265,132
765,Noréaz,693,44,132,123,200,125,69
766,Pierrafortscha,154,13,30,12,40,30,29
767,Ponthaux,722,42,146,165,192,85,92
768,Le Mouret,3109,348,744,588,904,365,160
769,Prez-vers-Noréaz,1103,106,320,183,292,145,57
770,Senèdes,158,14,46,21,40,25,12
771,Treyvaux,1431,148,348,261,388,230,56
772,Villars-sur-Glâne,11891,1560,2928,2391,2960,1460,592
773,Villarsel-sur-Marly,84,8,12,27,16,15,6
774,Hauterive (FR),2442,247,616,426,740,325,88
775,La Brillaz,2008,151,472,420,612,265,88
776,La Sonnaz,1124,93,284,165,364,155,63
777,Gibloux,7257,710,1676,1422,2232,955,262
778,Courgevaux,1419,109,378,261,440,160,71
779,Courtepin,5373,502,1294,1098,1512,650,317
780,Cressier (FR),941,85,244,180,312,75,45
781,Fräschels,463,40,152,105,108,45,13
782,Galmiz,664,85,200,123,164,60,32
783,Gempenach,290,32,114,48,76,10,10
784,Greng,175,17,66,30,24,20,18
785,Gurmels,4230,394,1176,819,1240,405,196
786,Kerzers,4977,521,1428,954,1264,495,315
787,Kleinbösingen,653,59,202,144,176,65,7
788,Meyriez,570,64,164,108,152,60,22
789,Misery-Courtion,1945,180,462,390,552,245,116
790,Muntelier,967,135,352,156,200,100,24
791,Murten,8123,1179,2354,1485,1920,840,345
792,Ried bei Kerzers,1180,124,362,210,264,150,70
793,Ulmiz,435,39,162,81,112,25,16
794,Mont-Vully,3577,427,1172,624,920,315,119
795,Alterswil,2004,256,614,336,468,250,80
796,Brünisried,651,91,184,132,152,60,32
797,Düdingen,7713,1021,2396,1350,1864,715,367
798,Giffers,1587,182,476,273,444,165,47
799,Bösingen,3382,312,1112,612,996,260,90
800,Heitenried,1356,145,394,201,388,165,63
801,Plaffeien,3540,547,1072,630,792,355,144
802,Plasselb,1015,150,336,144,228,115,42
803,Rechthalten,1069,151,364,189,256,70,39
804,St. Antoni,2026,242,750,366,416,215,37
805,St. Silvester,961,108,292,216,228,90,27
806,St. Ursen,1294,150,356,270,328,120,70
807,Schmitten (FR),4013,376,1118,765,1148,425,181
808,Tafers,3320,377,942,534,892,395,180
809,Tentlingen,1329,162,424,258,332,135,18
810,Ueberstorf,2344,300,744,351,636,205,108
811,Wünnewil-Flamatt,5490,679,1550,927,1316,660,358
812,Attalens,3393,350,822,618,1088,375,140
813,Bossonnens,1467,167,302,312,436,155,95
814,Châtel-Saint-Denis,6656,1001,1764,1248,1852,520,271
815,Granges (Veveyse),862,85,182,210,288,65,32
816,Remaufens,1067,100,254,198,372,105,38
817,Saint-Martin (FR),994,80,198,186,308,160,62
818,Semsales,1421,172,376,246,416,155,56
819,Le Flon,1196,117,238,207,320,205,109
820,La Verrerie,1155,111,290,183,344,170,57
821,Egerkingen,3479,484,1028,570,792,415,190
822,Härkingen,1603,181,552,282,372,130,86
823,Kestenholz,1786,224,548,264,516,165,69
824,Neuendorf,2135,271,618,345,576,255,70
825,Niederbuchsiten,1160,166,368,198,256,145,27
826,Oberbuchsiten,2190,293,668,423,496,190,120
827,Oensingen,6207,938,1920,1056,1400,595,298
828,Wolfwil,2165,270,780,327,476,245,67
829,Aedermannsdorf,565,56,166,57,176,90,20
830,Balsthal,6028,863,1732,1020,1324,685,404
831,Gänsbrunnen,88,8,24,6,16,15,19
832,Herbetswil,533,64,174,60,120,90,25
833,Holderbank (SO),674,114,192,102,116,90,60
834,Laupersdorf,1728,190,498,294,408,215,123
835,Matzendorf,1305,145,406,267,292,150,45
836,Mümliswil-Ramiswil,2390,363,690,381,524,295,137
837,Welschenrohr,1063,179,332,165,204,115,68
838,Biezwil,319,33,104,63,56,25,38
839,Lüterkofen-Ichertswil,780,107,274,123,180,65,31
840,Lüterswil-Gächliwil,328,42,106,66,80,10,24
841,Messen,1468,143,398,276,372,190,89
842,Schnottwil,1113,127,402,189,304,85,6
843,Unterramsern,209,22,62,36,60,15,14
844,Lüsslingen-Nennigkofen,1032,144,308,225,176,115,64
845,Buchegg,2524,292,918,459,500,245,110
846,Bättwil,1158,111,334,243,316,105,49
847,Büren (SO),1025,101,252,249,296,100,27
848,Dornach,6581,1184,2068,1101,1440,450,338
849,Gempen,877,97,266,126,236,90,62
850,Hochwald,1293,116,426,201,276,170,104
851,Hofstetten-Flüh,3096,314,1012,570,868,230,102
852,Metzerlen-Mariastein,896,128,332,183,196,45,12
853,Nuglar-St. Pantaleon,1477,166,510,258,380,120,43
854,Rodersdorf,1316,125,438,237,268,170,78
855,Seewen,1006,158,340,165,260,65,18
856,Witterswil,1468,141,442,294,404,140,47
857,Hauenstein-Ifenthal,305,39,82,51,68,45,20
858,Kienberg,504,63,142,102,88,65,44
859,Lostorf,3899,431,1308,654,1040,300,166
860,Niedergösgen,3788,497,1214,636,828,450,163
861,Obergösgen,2207,332,720,381,484,145,145
862,Rohr (SO),96,6,32,18,16,10,14
863,Stüsslingen,1059,115,362,204,256,110,12
864,Trimbach,6433,1072,1842,1227,1212,685,395
865,Winznau,1839,284,620,312,420,160,43
866,Wisen (SO),400,40,158,66,92,25,19
867,Erlinsbach (SO),3492,453,1060,666,860,300,153
868,Aeschi (SO),1217,159,474,234,256,75,19
869,Biberist,8212,1284,2564,1437,1808,785,334
870,Bolken,587,50,170,87,224,50,6
871,Deitingen,2225,249,726,420,564,205,61
872,Derendingen,6299,1000,1964,1131,1368,555,281
873,Etziken,862,122,294,147,196,65,38
874,Gerlafingen,5007,777,1406,744,1088,625,367
875,Halten,865,88,298,138,252,70,19
876,Horriwil,865,73,284,141,220,110,37
877,Hüniken,126,10,44,27,40,5,0
878,Kriegstetten,1303,162,412,270,280,120,59
879,Lohn-Ammannsegg,2773,291,1030,510,668,230,44
880,Luterbach,3436,539,1204,537,820,205,131
881,Obergerlafingen,1153,137,430,189,276,90,31
882,Oekingen,835,99,266,150,192,75,53
883,Recherswil,1938,201,732,327,412,170,96
884,Subingen,3146,407,972,627,708,290,142
885,Zuchwil,8717,1756,2546,1581,1716,745,373
886,Drei Höfe,731,66,298,87,180,80,20
887,Balm bei Günsberg,193,19,82,15,60,10,7
888,Bellach,5184,782,1716,951,1084,435,216
889,Bettlach,4879,823,1640,921,1020,370,105
890,Feldbrunnen-St. Niklaus,964,138,380,180,156,110,0
891,Flumenthal,933,142,334,147,204,80,26
892,Grenchen,16829,3022,5108,2982,3064,1580,1073
893,Günsberg,1147,168,390,213,244,105,27
894,Hubersdorf,731,58,226,132,188,95,32
895,Kammersrohr,29,3,12,9,0,5,0
896,Langendorf,3711,677,1198,597,820,295,124
897,Lommiswil,1515,155,506,267,360,165,62
898,Oberdorf (SO),1689,188,532,312,416,170,71
899,Riedholz,2279,281,764,375,528,230,101
900,Rüttenen,1480,220,484,261,316,130,69
901,Selzach,3400,437,1048,660,824,290,141
902,Boningen,752,103,220,162,172,45,50
903,Däniken,2750,409,918,456,640,205,122
904,Dulliken,4886,775,1420,819,1052,480,340
905,Eppenberg-Wöschnau,322,61,128,42,44,35,12
906,Fulenbach,1759,217,540,309,432,180,81
907,Gretzenbach,2716,311,828,441,668,340,128
908,Gunzgen,1641,246,516,315,380,140,44
909,Hägendorf,4954,601,1462,798,1152,520,421
910,Kappel (SO),3154,410,1034,555,764,270,121
911,Olten,17909,4056,5964,2961,3040,1250,638
912,Rickenbach (SO),949,124,386,183,192,45,19
913,Schönenwerd,4868,705,1388,867,1040,510,358
914,Starrkirch-Wil,1688,182,550,306,500,120,30
915,Walterswil (SO),695,78,228,111,172,75,31
916,Wangen bei Olten,5020,741,1532,915,1176,445,211
917,Solothurn,16169,3711,5220,2691,2872,1065,610
918,Bärschwil,808,98,302,141,160,80,27
919,Beinwil (SO),277,26,66,36,40,45,64
920,Breitenbach,3800,461,1126,663,908,405,237
921,Büsserach,2262,281,676,366,584,265,90
922,Erschwil,918,106,254,171,192,140,55
923,Fehren,587,70,178,81,140,85,33
924,Grindel,495,53,174,105,84,60,19
925,Himmelried,922,134,362,150,140,75,61
926,Kleinlützel,1221,159,422,195,264,145,36
927,Meltingen,632,72,218,87,144,90,21
928,Nunningen,1878,246,564,339,436,190,103
929,Zullwil,674,96,162,108,160,75,73
930,Basel,166819,41404,49176,28680,28832,12170,6557
931,Bettingen,1064,141,336,168,276,100,43
932,Riehen,20835,3404,6758,3591,4808,1670,604
933,Aesch (BL),10118,1451,3378,1983,2300,730,276
934,Allschwil,20618,3857,7072,3720,4168,1375,426
935,Arlesheim,9022,1556,2782,1704,1960,775,245
936,Biel-Benken,3419,311,1152,615,872,350,119
937,Binningen,15344,2742,4874,2760,3416,1150,402
938,Birsfelden,10181,2192,3322,1848,1828,715,276
939,Bottmingen,6502,958,2158,1146,1464,590,186
940,Ettingen,5085,705,1788,936,1252,315,89
941,Münchenstein,11985,1920,3748,2265,2592,1090,370
942,Muttenz,17497,2705,5648,3183,4064,1425,472
943,Oberwil (BL),11113,1533,3532,1983,2812,895,358
944,Pfeffingen,2329,170,812,462,628,215,42
945,Reinach (BL),18775,2809,6318,3345,4488,1230,585
946,Schönenbuch,1376,128,470,324,332,90,32
947,Therwil,9860,1258,3100,1788,2480,920,314
948,Blauen,688,80,246,117,172,55,18
949,Brislach,1634,163,436,348,504,135,48
950,Burg im Leimental,255,40,74,27,60,40,14
951,Dittingen,724,117,254,105,168,60,20
952,Duggingen,1554,191,442,276,428,165,52
953,Grellingen,1800,228,642,339,352,170,69
954,Laufen,5503,921,1600,897,1220,550,315
955,Liesberg,1133,199,348,186,236,100,64
956,Nenzlingen,429,49,128,63,140,25,24
957,Roggenburg,263,39,106,27,64,15,12
958,Röschenz,1867,198,558,333,544,165,69
959,Wahlen,1400,145,456,261,400,120,18
960,Zwingen,2322,317,692,462,572,215,64
961,Arisdorf,1617,138,534,303,412,155,75
962,Augst,995,195,422,174,136,35,33
963,Bubendorf,4286,434,1432,732,1120,380,188
964,Frenkendorf,6383,981,1910,1065,1556,595,276
965,Füllinsdorf,4366,698,1496,747,900,350,175
966,Giebenach,1026,106,340,219,216,100,45
967,Hersberg,307,33,112,57,72,15,18
968,Lausen,5101,625,1642,927,1248,470,189
969,Liestal,13976,2280,4332,2367,3040,1370,587
970,Lupsingen,1416,153,492,222,340,140,69
971,Pratteln,16148,2551,4966,2931,3540,1450,710
972,Ramlinsburg,714,60,262,117,164,70,41
973,Seltisberg,1295,145,436,222,312,160,20
974,Ziefen,1556,136,446,270,416,195,93
975,Anwil,566,49,160,102,168,75,12
976,Böckten,790,91,274,147,212,60,6
977,Buckten,689,74,238,108,172,70,27
978,Buus,1024,98,318,207,252,85,64
979,Diepflingen,728,85,226,93,184,115,25
980,Gelterkinden,5991,827,1926,1017,1444,515,262
981,Häfelfingen,269,29,78,54,44,45,19
982,Hemmiken,250,49,82,54,60,5,0
983,Itingen,2067,206,672,372,572,195,50
984,Känerkinden,525,65,188,72,132,50,18
985,Kilchberg (BL),161,11,56,27,36,25,6
986,Läufelfingen,1292,162,374,189,320,140,107
987,Maisprach,925,121,310,186,204,85,19
988,Nusshof,255,24,92,42,48,30,19
989,Oltingen,466,67,118,78,108,50,45
990,Ormalingen,2166,293,722,390,528,175,58
991,Rickenbach (BL),589,66,194,135,116,45,33
992,Rothenfluh,767,97,234,138,180,80,38
993,Rümlingen,382,38,106,69,80,60,29
994,Rünenberg,771,97,268,135,188,65,18
995,Sissach,6572,958,2108,1146,1524,560,276
996,Tecknau,851,74,292,156,200,80,49
997,Tenniken,909,93,350,144,184,95,43
998,Thürnen,1369,170,474,258,324,100,43
999,Wenslingen,714,87,244,123,176,60,24
1000,Wintersingen,602,69,226,84,148,55,20
1001,Wittinsburg,431,45,128,39,132,50,37
1002,Zeglingen,485,53,148,72,148,45,19
1003,Zunzgen,2468,310,820,483,548,220,87
1004,Arboldswil,556,49,194,93,132,70,18
1005,Bennwil,656,65,198,120,156,85,32
1006,Bretzwil,775,73,198,159,180,90,75
1007,Diegten,1642,164,490,279,432,195,82
1008,Eptingen,522,78,156,99,124,45,20
1009,Hölstein,2458,244,782,417,620,300,95
1010,Lampenberg,496,58,158,48,124,65,43
1011,Langenbruck,945,159,280,192,168,90,56
1012,Lauwil,313,43,104,39,88,15,24
1013,Liedertswil,164,25,52,24,52,5,6
1014,Niederdorf,1785,222,534,276,460,200,93
1015,Oberdorf (BL),2358,280,722,423,504,235,194
1016,Reigoldswil,1592,195,474,282,372,160,109
1017,Titterten,410,53,134,81,84,40,18
1018,Waldenburg,1111,197,344,180,156,135,99
1019,Gächlingen,847,119,278,123,168,110,49
1020,Löhningen,1436,153,468,222,356,170,67
1021,Neunkirch,2169,302,690,411,544,170,52
1022,Büttenhardt,389,35,118,81,120,15,20
1023,Dörflingen,1018,92,352,204,212,95,63
1024,Lohn (SH),768,77,218,141,220,75,37
1025,Stetten (SH),1353,101,368,210,444,200,30
1026,Thayngen,5371,835,1724,891,1184,550,187
1027,Bargen (SH),306,46,106,57,52,20,25
1028,Beringen,4579,653,1456,798,1020,425,227
1029,Buchberg,865,90,298,126,220,85,46
1030,Merishausen,847,90,198,150,220,115,74
1031,Neuhausen am Rheinfall,10211,2012,3080,1740,2028,845,506
1032,Rüdlingen,752,85,278,114,188,80,7
1033,Schaffhausen,35534,6902,10934,5925,7184,3075,1514
1034,Beggingen,481,64,146,105,72,60,34
1035,Schleitheim,1659,239,514,264,304,190,148
1036,Siblingen,858,92,322,150,216,60,18
1037,Buch (SH),308,50,110,63,40,25,20
1038,Hemishofen,466,61,158,78,116,35,18
1039,Ramsen,1457,216,460,231,320,160,70
1040,Stein am Rhein,3329,629,1106,576,668,235,115
1041,Hallau,2143,303,698,339,392,240,171
1042,Oberhallau,428,49,146,63,96,55,19
1043,Trasadingen,586,91,186,102,116,60,31
1044,Wilchingen,1714,194,534,315,336,185,150
1045,Herisau,15468,2656,4788,2574,3292,1405,753
1046,Hundwil,935,101,206,132,176,175,145
1047,Schönengrund,511,64,166,72,64,85,60
1048,Schwellbrunn,1537,154,400,219,320,275,169
1049,Stein (AR),1414,146,410,219,336,205,98
1050,Urnäsch,2279,314,652,342,424,325,222
1051,Waldstatt,1808,178,440,258,492,235,205
1052,Bühler,1747,256,422,261,464,220,124
1053,Gais,3051,403,904,549,612,385,198
1054,Speicher,4255,566,1264,654,1036,530,205
1055,Teufen (AR),6175,878,1800,1113,1300,705,379
1056,Trogen,1672,228,456,273,364,220,131
1057,Grub (AR),1028,103,320,177,236,120,72
1058,Heiden,4124,634,1256,711,896,470,157
1059,Lutzenberg,1241,154,484,195,232,115,61
1060,Rehetobel,1696,218,480,288,384,210,116
1061,Reute (AR),686,102,284,81,136,70,13
1062,Wald (AR),846,118,244,129,164,105,86
1063,Walzenhausen,1965,338,618,312,404,165,128
1064,Wolfhalden,1827,258,600,318,372,190,89
1065,Appenzell,5634,838,1682,918,1124,780,292
1066,Gonten,1393,169,312,198,284,245,185
1067,Rüte,3593,360,824,492,860,700,357
1068,Schlatt-Haslen,1118,110,280,174,204,220,130
1069,Schwende,2197,222,458,306,584,420,207
1070,Oberegg,1878,247,586,303,408,215,119
1071,Häggenschwil,1312,99,338,198,336,255,86
1072,Muolen,1179,118,298,204,244,200,115
1073,St. Gallen,73677,16635,22096,12030,13856,6030,3030
1074,Wittenbach,9669,1332,3002,1692,2288,925,430
1075,Berg (SG),818,64,258,114,168,145,69
1076,Eggersriet,2241,232,664,414,552,270,109
1077,Goldach,8897,1396,2906,1422,1992,880,301
1078,Mörschwil,3533,351,962,630,896,480,214
1079,Rorschach,9216,2150,2602,1401,1660,930,473
1080,Rorschacherberg,7100,997,2310,1332,1552,640,269
1081,Steinach,3546,556,1094,633,824,370,69
1082,Tübach,1421,148,422,207,352,195,97
1083,Untereggen,1051,80,276,165,248,225,57
1084,Au (SG),7555,1176,2202,1302,1692,765,418
1085,Balgach,4590,620,1472,828,1000,515,155
1086,Berneck,3921,517,1198,681,932,410,183
1087,Diepoldsau,6333,682,1780,1038,1708,730,395
1088,Rheineck,3445,598,1070,495,720,365,197
1089,St. Margrethen,5796,864,1554,999,1316,665,398
1090,Thal,6342,904,1932,1125,1408,635,338
1091,Widnau,9492,1166,2652,1701,2396,1065,512
1092,Altstätten,11366,1790,3270,1770,2368,1385,783
1093,Eichberg,1509,161,406,237,424,195,86
1094,Marbach (SG),2038,231,574,366,572,230,65
1095,Oberriet (SG),8753,964,2292,1452,2256,1055,734
1096,Rebstein,4455,640,1292,732,1032,455,304
1097,Rüthi (SG),2323,272,670,396,528,280,177
1098,Buchs (SG),12475,1922,3396,2112,2668,1245,1132
1099,Gams,3373,354,874,576,840,465,264
1100,Grabs,6899,893,1982,1110,1656,780,478
1101,Sennwald,5519,741,1730,960,1260,600,228
1102,Sevelen,5001,711,1368,888,1048,585,401
1103,Wartau,5271,682,1506,849,1248,565,421
1104,Bad Ragaz,5826,1091,1816,987,1160,560,212
1105,Flums,4872,637,1256,783,1172,640,384
1106,Mels,8461,1037,2338,1380,2068,1135,503
1107,Pfäfers,1562,220,436,216,292,270,128
1108,Quarten,2793,435,946,450,528,320,114
1109,Sargans,6024,969,1792,969,1324,665,305
1110,Vilters-Wangs,4761,555,1368,762,1264,565,247
1111,Walenstadt,5561,822,1636,930,1244,605,324
1112,Amden,1742,303,630,246,356,145,62
1113,Benken (SG),2979,325,786,465,816,420,167
1114,Kaltbrunn,4716,567,1244,813,1256,595,241
1115,Schänis,3782,408,1086,612,976,440,260
1116,Weesen,1614,265,546,225,340,170,68
1117,Schmerikon,3694,459,1198,609,912,340,176
1118,Uznach,6247,757,1648,1002,1536,860,444
1119,Rapperswil-Jona,26686,4309,8322,4707,6320,2210,818
1120,Gommiswald,4980,656,1534,750,1220,595,225
1121,Eschenbach (SG),9345,1012,2556,1590,2372,1170,645
1122,Ebnat-Kappel,4888,750,1512,759,1024,555,288
1123,Wildhaus-Alt St. Johann,2629,436,778,330,480,300,305
1124,Nesslau,3513,517,1124,480,700,405,287
1125,Hemberg,900,108,248,111,128,145,160
1126,Lichtensteig,1843,400,518,258,404,165,98
1127,Oberhelfenschwil,1255,130,338,183,248,200,156
1128,Neckertal,3966,501,1144,657,792,455,417
1129,Wattwil,8548,1252,2418,1332,1784,1040,722
1130,Kirchberg (SG),8865,1031,2322,1437,2160,1290,625
1131,Lütisburg,1548,131,434,225,340,245,173
1132,Mosnang,2827,278,706,357,616,465,405
1133,Bütschwil-Ganterschwil,4673,541,1332,789,972,705,334
1134,Degersheim,3961,539,1004,660,820,515,423
1135,Flawil,10433,1488,2924,1704,2412,1185,720
1136,Jonschwil,3787,362,1066,585,1028,525,221
1137,Oberuzwil,6384,692,1792,1050,1572,790,488
1138,Uzwil,12674,1588,3492,2037,3208,1490,859
1139,Niederbüren,1508,134,338,210,368,240,218
1140,Niederhelfenschwil,3092,233,758,495,840,545,221
1141,Oberbüren,4283,463,1256,618,1060,565,321
1142,Zuzwil (SG),4734,501,1480,831,1260,465,197
1143,Wil (SG),23321,4020,7018,3897,4812,2215,1359
1144,Andwil (SG),1936,174,496,321,524,245,176
1145,Gaiserwald,8301,1012,2530,1332,2272,800,355
1146,Gossau (SG),17844,2633,5342,2742,4396,1875,856
1147,Waldkirch,3468,285,824,528,880,695,256
1148,Mutten,57,6,24,6,4,10,7
1149,Vaz/Obervaz,2696,542,818,411,636,225,64
1150,Lantsch/Lenz,546,109,176,84,136,35,6
1151,Schmitten (GR),241,49,88,45,44,15,0
1152,Bergün/Bravuogn,476,111,110,63,104,50,38
1153,Filisur,426,58,136,87,84,55,6
1154,Albula/Alvra,1312,215,386,237,264,145,65
1155,Surses,2310,482,732,378,452,210,56
1156,Brusio,1119,165,280,222,244,155,53
1157,Poschiavo,3416,513,900,558,848,475,122
1158,Falera,622,77,200,99,196,25,25
1159,Laax,1690,388,596,282,292,120,12
1160,Sagogn,684,99,194,99,200,80,12
1161,Schluein,570,111,180,117,132,30,0
1162,Vals,1049,226,272,147,216,110,78
1163,Andiast,211,29,62,33,56,25,6
1164,Waltensburg/Vuorz,324,49,82,57,100,30,6
1165,Lumnezia,2015,323,640,333,384,210,125
1166,Ilanz/Glion,4498,741,1264,828,1120,375,170
1167,Fürstenau,347,48,100,60,96,30,13
1168,Rothenbrunnen,308,36,102,48,76,40,6
1169,Scharans,796,123,214,111,216,120,12
1170,Sils im Domleschg,917,117,296,129,196,105,74
1171,Cazis,2065,266,632,324,452,265,126
1172,Flerden,252,24,46,36,76,45,25
1173,Masein,481,38,120,75,128,70,50
1174,Thusis,3089,548,888,585,644,250,174
1175,Tschappina,128,12,44,39,28,5,0
1176,Urmein,144,24,64,30,16,10,0
1177,Safiental,904,126,222,114,192,135,115
1178,Domleschg,1972,272,604,300,460,235,101
1179,Avers,169,28,44,27,28,30,12
1180,Hinterrhein,63,8,18,12,4,15,6
1181,Nufenen,137,17,28,24,20,30,18
1182,Splügen,418,83,142,93,56,25,19
1183,Sufers,138,20,36,6,60,10,6
1184,Andeer,921,165,266,153,176,105,56
1185,Casti-Wergenstein,55,5,14,6,24,0,6
1186,Donat,211,26,48,36,48,40,13
1187,Lohn (GR),42,6,12,15,4,5,0
1188,Mathon,53,15,10,9,4,15,0
1189,Rongellen,53,4,14,6,24,5,0
1190,Zillis-Reischen,387,71,108,69,80,40,19
1191,Ferrera,76,23,26,6,16,5,0
1192,Bonaduz,3270,442,910,561,952,330,75
1193,Domat/Ems,8022,1005,2288,1455,2088,865,321
1194,Rhäzüns,1481,165,416,183,476,175,66
1195,Felsberg,2548,268,710,468,792,225,85
1196,Flims,2794,604,988,480,528,155,39
1197,Tamins,1208,169,438,213,240,85,63
1198,Trin,1405,225,452,237,312,130,49
1199,Zernez,1516,245,464,252,396,135,24
1200,Samnaun,762,154,162,165,204,65,12
1201,Scuol,4535,781,1400,759,1104,375,116
1202,Valsot,857,123,244,159,216,80,35
1203,Bever,591,130,192,129,108,20,12
1204,Celerina/Schlarigna,1490,314,458,243,348,115,12
1205,Madulain,205,29,64,30,52,30,0
1206,Pontresina,2179,455,562,471,496,120,75
1207,La Punt-Chamues-ch,705,154,192,147,132,55,25
1208,Samedan,2929,638,904,492,696,150,49
1209,St. Moritz,4946,1301,1410,948,960,220,107
1210,S-chanf,685,142,228,99,144,60,12
1211,Sils im Engadin/Segl,678,174,170,141,168,25,0
1212,Silvaplana,1105,336,356,195,168,50,0
1213,Zuoz,1113,233,356,204,252,55,13
1214,Bregaglia,1515,277,434,267,328,185,24
1215,Buseno,83,20,34,6,8,15,0
1216,Castaneda,277,45,92,57,52,25,6
1217,Rossa,151,24,62,18,20,15,12
1218,Santa Maria in Calanca,111,33,50,12,16,0,0
1219,Lostallo,756,99,226,189,168,60,14
1220,Mesocco,1356,273,382,252,308,110,31
1221,Soazza,325,64,108,78,44,25,6
1222,Cama,561,81,166,150,124,40,0
1223,Grono,1354,216,378,243,360,90,67
1224,Roveredo (GR),2427,373,684,477,664,170,59
1225,San Vittore,818,127,226,195,192,45,33
1226,Calanca,193,48,58,51,20,10,6
1227,Val Müstair,1463,226,466,261,248,175,87
1228,Davos,10838,2481,3086,1887,2196,800,388
1229,Fideris,593,81,166,99,128,95,24
1230,Furna,211,19,50,18,36,45,43
1231,Jenaz,1145,150,386,216,220,135,38
1232,Klosters-Serneus,4393,883,1404,642,944,395,125
1233,Conters im Prättigau,225,33,68,21,52,25,26
1234,Küblis,851,145,254,126,192,85,49
1235,Luzein,1547,183,492,234,304,215,119
1236,Chur,34342,7464,11370,5784,6744,2340,640
1237,Churwalden,1959,357,614,363,404,125,96
1238,Arosa,3079,822,978,477,432,240,130
1239,Maladers,505,75,182,75,108,65,0
1240,Tschiertschen-Praden,311,56,108,54,72,15,6
1241,Haldenstein,1022,147,280,171,280,95,49
1242,Trimmis,3187,390,1000,627,772,320,78
1243,Untervaz,2496,309,732,399,732,230,94
1244,Zizers,3398,480,978,609,816,390,125
1245,Fläsch,769,108,264,114,188,65,30
1246,Jenins,889,104,282,141,236,70,56
1247,Maienfeld,2824,465,914,435,636,290,84
1248,Malans,2332,276,700,378,628,245,105
1249,Landquart,8732,1220,2676,1572,2016,855,393
1250,Grüsch,2041,273,592,303,512,305,56
1251,Schiers,2584,381,762,429,592,295,125
1252,Seewis im Prättigau,1376,170,390,240,308,150,118
1253,Breil/Brigels,1221,179,346,165,308,145,78
1254,Disentis/Mustér,2046,397,596,309,396,275,73
1255,Medel (Lucmagn),372,48,92,45,92,65,30
1256,Sumvitg,1151,161,344,159,252,175,60
1257,Tujetsch,1243,238,368,216,272,135,14
1258,Trun,1143,199,332,177,220,145,70
1259,Obersaxen Mundaun,1141,186,384,180,244,120,27
1260,Aarau,20758,4431,6624,3510,3984,1510,699
1261,Biberstein,1570,182,636,267,328,105,52
1262,Buchs (AG),7801,1188,2296,1401,1804,835,277
1263,Densbüren,712,80,248,150,160,55,19
1264,Erlinsbach (AG),4054,481,1442,654,1040,340,97
1265,Gränichen,7643,884,2462,1314,1860,725,398
1266,Hirschthal,1565,190,490,318,404,125,38
1267,Küttigen,6026,842,2020,1002,1340,625,197
1268,Muhen,3803,450,1172,675,1008,325,173
1269,Oberentfelden,7974,1170,2488,1365,1724,815,412
1270,Suhr,9935,1457,2662,1704,2392,1175,545
1271,Unterentfelden,3981,599,1172,645,912,405,248
1272,Baden,18909,3557,6084,3279,4160,1335,494
1273,Bellikon,1538,221,560,255,372,100,30
1274,Bergdietikon,2821,346,980,537,648,220,90
1275,Birmenstorf (AG),2953,321,910,498,780,315,129
1276,Ennetbaden,3449,543,1168,585,708,335,110
1277,Fislisbach,5455,837,1726,939,1388,440,125
1278,Freienwil,1030,81,272,192,328,95,62
1279,Gebenstorf,5226,716,1782,894,1132,465,237
1280,Killwangen,2058,157,580,384,540,250,147
1281,Künten,1736,167,512,303,476,200,78
1282,Mägenwil,2103,220,538,366,620,230,129
1283,Mellingen,5442,775,1622,918,1276,575,276
1284,Neuenhof,8593,1265,2572,1548,1928,820,460
1285,Niederrohrdorf,3996,552,1310,690,1052,255,137
1286,Oberrohrdorf,4078,549,1408,738,944,345,94
1287,Obersiggenthal,8447,1274,2516,1416,2092,775,374
1288,Remetschwil,2071,184,616,390,596,200,85
1289,Spreitenbach,11690,1496,2796,2271,2876,1365,886
1290,Stetten (AG),2215,197,650,438,608,190,132
1291,Turgi,2912,509,796,528,656,235,188
1292,Untersiggenthal,7108,919,2132,1218,1752,655,432
1293,Wettingen,20354,3872,6176,3552,4568,1625,561
1294,Wohlenschwil,1543,186,438,261,416,140,102
1295,Würenlingen,4617,532,1332,846,1228,450,229
1296,Würenlos,6297,688,1840,1122,1800,630,217
1297,Ehrendingen,4790,537,1456,894,1252,455,196
1298,Arni (AG),1843,176,582,315,564,185,21
1299,Berikon,4664,614,1482,789,1220,395,164
1300,Bremgarten (AG),7683,1219,2284,1449,1736,665,330
1301,Büttikon,977,97,332,180,236,90,42
1302,Dottikon,3842,522,1128,744,832,435,181
1303,Eggenwil,1005,103,340,168,276,50,68
1304,Fischbach-Göslikon,1648,185,486,288,412,195,82
1305,Hägglingen,2377,278,726,393,572,240,168
1306,Jonen,2046,164,546,390,604,255,87
1307,Niederwil (AG),2813,293,836,555,680,280,169
1308,Oberlunkhofen,1995,237,672,384,496,155,51
1309,Oberwil-Lieli,2341,281,766,372,560,280,82
1310,Rudolfstetten-Friedlisberg,4423,579,1264,852,1092,410,226
1311,Sarmenstorf,2833,327,814,531,796,225,140
1312,Tägerig,1507,134,388,276,448,200,61
1313,Uezwil,472,50,160,72,136,35,19
1314,Unterlunkhofen,1379,175,448,231,336,140,49
1315,Villmergen,7231,988,2090,1356,1788,640,369
1316,Widen,3634,464,1332,624,824,285,105
1317,Wohlen (AG),15868,2202,4480,2700,3912,1695,879
1318,Zufikon,4416,516,1420,789,1128,365,198
1319,Islisberg,616,71,206,108,160,65,6
1320,Auenstein,1552,183,590,285,360,120,14
1321,Birr,4408,408,1108,732,1152,595,413
1322,Birrhard,700,89,252,159,124,70,6
1323,Bözen,734,105,222,135,132,85,55
1324,Brugg,10934,1731,3464,1848,2328,1080,483
1325,Effingen,588,64,198,102,144,55,25
1326,Elfingen,288,31,106,60,64,20,7
1327,Habsburg,433,52,162,75,72,60,12
1328,Hausen (AG),3544,448,1192,549,796,390,169
1329,Lupfig,2351,336,796,414,500,245,60
1330,Mandach,331,40,94,78,60,20,39
1331,Mönthal,390,36,192,54,60,30,18
1332,Mülligen,1093,126,352,228,260,75,52
1333,Remigen,1060,122,382,141,256,110,49
1334,Riniken,1465,192,476,228,296,220,53
1335,Rüfenach,850,49,288,147,204,125,37
1336,Scherz,662,83,228,120,144,75,12
1337,Schinznach-Bad,1277,185,418,276,248,85,65
1338,Thalheim (AG),833,80,282,132,224,75,40
1339,Veltheim (AG),1422,168,442,261,344,125,82
1340,Villigen,2058,270,656,399,432,195,106
1341,Villnachern,1630,159,538,252,440,145,96
1342,Windisch,7535,1120,2144,1209,1816,870,376
1343,Bözberg,1554,184,618,228,320,115,89
1344,Schinznach,2202,259,752,333,484,270,104
1345,Beinwil am See,3113,420,1108,516,680,260,129
1346,Birrwil,1166,191,528,132,180,85,50
1347,Burg (AG),1013,160,292,144,264,75,78
1348,Dürrenäsch,1224,147,350,216,296,160,55
1349,Gontenschwil,2094,272,748,348,432,195,99
1350,Holziken,1329,172,452,201,312,85,107
1351,Leimbach (AG),438,47,148,84,108,45,6
1352,Leutwil,761,82,256,96,204,80,43
1353,Menziken,6070,849,1728,1062,1544,495,392
1354,Oberkulm,2681,289,870,492,620,250,160
1355,Reinach (AG),8329,1232,2354,1392,1836,925,590
1356,Schlossrued,832,85,284,153,140,100,70
1357,Schmiedrued,1147,137,332,204,248,135,91
1358,Schöftland,4219,670,1438,678,960,305,168
1359,Teufenthal (AG),1620,223,512,261,336,155,133
1360,Unterkulm,3033,376,920,507,764,295,171
1361,Zetzwil,1305,168,454,216,280,125,62
1362,Eiken,2233,270,752,396,504,180,131
1363,Frick,5383,740,1622,990,1200,545,286
1364,Gansingen,1011,98,340,144,252,100,77
1365,Gipf-Oberfrick,3471,442,994,663,920,320,132
1366,Herznach,1497,141,422,255,412,135,132
1367,Hornussen,934,133,272,159,220,80,70
1368,Kaisten,2625,306,842,555,592,230,100
1369,Laufenburg,3552,464,1118,612,844,405,109
1370,Münchwilen (AG),927,110,298,180,224,70,45
1371,Oberhof,597,64,166,60,160,105,42
1372,Oeschgen,1011,106,278,195,280,105,47
1373,Schwaderloch,643,84,206,87,148,75,43
1374,Sisseln,1579,212,534,288,356,130,59
1375,Ueken,890,93,250,150,284,75,38
1376,Wittnau,1307,152,402,246,264,175,68
1377,Wölflinswil,1030,130,326,123,236,155,60
1378,Zeihen,1162,130,372,195,320,90,55
1379,Mettauertal,1937,256,742,309,396,165,69
1380,Ammerswil,669,56,196,144,164,75,34
1381,Boniswil,1382,168,448,267,348,130,21
1382,Brunegg,804,101,250,138,220,70,25
1383,Dintikon,2181,219,622,381,564,270,125
1384,Egliswil,1404,184,440,222,380,120,58
1385,Fahrwangen,2041,292,576,324,488,215,146
1386,Hallwil,875,124,308,156,188,50,49
1387,Hendschiken,1210,144,368,267,292,105,34
1388,Holderbank (AG),1208,174,384,243,228,135,44
1389,Hunzenschwil,3999,507,1218,744,908,430,192
1390,Lenzburg,10036,1913,3194,1647,1984,905,393
1391,Meisterschwanden,2894,360,1006,552,676,225,75
1392,Möriken-Wildegg,4340,525,1262,774,1100,475,204
1393,Niederlenz,4709,474,1272,852,1368,460,283
1394,Othmarsingen,2769,334,812,540,708,270,105
1395,Rupperswil,5395,727,1682,894,1272,625,195
1396,Schafisheim,2965,312,938,552,708,285,170
1397,Seengen,3906,502,1168,699,1000,410,127
1398,Seon,5134,685,1532,978,1224,475,240
1399,Staufen,3208,461,1056,552,736,315,88
1400,Abtwil,968,88,234,192,320,110,24
1401,Aristau,1429,177,458,246,348,140,60
1402,Auw,2084,204,500,348,592,325,115
1403,Beinwil (Freiamt),1130,138,326,141,252,195,78
1404,Besenbüren,621,47,158,105,180,80,51
1405,Bettwil,606,85,218,99,112,65,27
1406,Boswil,2750,379,776,519,608,285,183
1407,Bünzen,1107,129,348,171,232,145,82
1408,Buttwil,1218,101,342,189,396,140,50
1409,Dietwil,1312,174,380,228,332,110,88
1410,Geltwil,207,14,46,45,56,20,26
1411,Kallern,360,14,114,69,92,50,21
1412,Merenschwand,3436,333,926,564,988,475,150
1413,Mühlau,1162,146,350,219,256,140,51
1414,Muri (AG),7661,1028,2176,1317,1980,710,450
1415,Oberrüti,1555,114,416,261,524,215,25
1416,Rottenschwil,810,93,264,168,204,55,26
1417,Sins,4286,425,1102,759,1136,615,249
1418,Waltenschwil,2858,309,878,507,768,320,76
1419,Hellikon,783,83,246,153,180,60,61
1420,Kaiseraugst,5458,794,1692,942,1308,475,247
1421,Magden,3898,404,1208,681,1132,380,93
1422,Möhlin,10890,1267,3264,1929,2820,1150,460
1423,Mumpf,1406,210,488,264,296,110,38
1424,Obermumpf,1035,131,324,213,244,80,43
1425,Olsberg,359,37,154,63,64,35,6
1426,Rheinfelden,13180,2344,4432,2379,2616,950,459
1427,Schupfart,823,106,290,138,192,75,22
1428,Stein (AG),3114,494,926,567,724,200,203
1429,Wallbach,1948,224,704,330,520,115,55
1430,Wegenstetten,1055,98,328,174,248,110,97
1431,Zeiningen,2268,280,748,447,536,175,82
1432,Zuzgen,876,83,274,165,212,115,27
1433,Aarburg,7895,1162,2328,1515,1580,915,395
1434,Attelwil,293,32,88,30,76,55,12
1435,Bottenwil,785,79,278,117,204,95,12
1436,Brittnau,3837,440,1248,705,888,395,161
1437,Kirchleerau,838,113,310,144,156,95,20
1438,Kölliken,4296,558,1254,738,1024,510,212
1439,Moosleerau,915,101,236,198,196,135,49
1440,Murgenthal,2855,370,950,438,620,320,157
1441,Oftringen,13490,1934,4194,2343,3008,1365,646
1442,Reitnau,1264,139,354,207,304,160,100
1443,Rothrist,8771,1106,2734,1449,2240,805,437
1444,Safenwil,3759,487,1244,687,888,270,183
1445,Staffelbach,1224,149,384,273,244,130,44
1446,Strengelbach,4748,715,1482,846,1092,445,168
1447,Uerkheim,1335,178,480,252,296,70,59
1448,Vordemwald,1906,204,670,297,444,200,91
1449,Wiliberg,164,20,66,15,40,10,13
1450,Zofingen,11311,2105,3796,1908,2284,810,408
1451,Baldingen,260,21,84,51,80,5,19
1452,Böbikon,173,10,74,30,28,25,6
1453,Böttstein,3935,447,1266,627,920,410,265
1454,Döttingen,3819,506,1132,708,820,330,323
1455,Endingen,2557,256,700,447,652,335,167
1456,Fisibach,477,40,162,69,116,45,45
1457,Full-Reuenthal,870,87,254,147,220,115,47
1458,Kaiserstuhl,419,77,146,84,52,35,25
1459,Klingnau,3425,473,1064,597,748,320,223
1460,Koblenz,1645,224,460,315,344,165,137
1461,Leibstadt,1273,155,384,222,288,135,89
1462,Lengnau (AG),2722,281,754,423,744,365,155
1463,Leuggern,2130,252,752,327,452,195,152
1464,Mellikon,238,22,82,24,76,25,9
1465,Rekingen (AG),913,96,284,177,192,100,64
1466,Rietheim,748,65,196,135,204,115,33
1467,Rümikon,310,54,112,54,52,25,13
1468,Schneisingen,1381,173,488,273,324,95,28
1469,Siglistorf,606,81,194,123,124,50,34
1470,Tegerfelden,1201,154,378,213,268,135,53
1471,Wislikofen,337,37,106,66,72,30,26
1472,Bad Zurzach,4169,663,1328,696,884,315,283
1473,Arbon,14311,2659,4386,2505,3036,1185,540
1474,Dozwil,701,59,180,111,184,90,77
1475,Egnach,4664,433,1258,813,1256,555,349
1476,Hefenhofen,1176,114,330,198,264,190,80
1477,Horn,2702,522,946,435,556,185,58
1478,Kesswil,998,112,316,105,296,100,69
1479,Roggwil (TG),3032,281,824,498,828,380,221
1480,Romanshorn,10736,1710,3204,1824,2316,1010,672
1481,Salmsach,1412,168,424,228,328,160,104
1482,Sommeri,554,68,162,108,88,90,38
1483,Uttwil,1844,240,602,348,404,175,75
1484,Amriswil,13266,1863,3736,2265,2980,1470,952
1485,Bischofszell,5922,902,1694,1038,1456,545,287
1486,Erlen,3637,379,976,615,932,485,250
1487,Hauptwil-Gottshaus,1910,206,530,303,404,275,192
1488,Hohentannen,599,56,154,117,140,70,62
1489,Kradolf-Schönenberg,3532,483,1120,543,772,385,229
1490,Sulgen,3708,515,1128,594,780,435,256
1491,Zihlschlacht-Sitterdorf,2330,242,678,357,516,360,177
1492,Basadingen-Schlattingen,1811,189,570,267,460,215,110
1493,Diessenhofen,3855,618,1182,657,828,365,205
1494,Schlatt (TG),1654,198,494,351,412,155,44
1495,Aadorf,8802,1142,2852,1572,2052,835,349
1496,Felben-Wellhausen,2783,339,890,477,684,295,98
1497,Frauenfeld,24907,4341,7984,4278,5484,1990,830
1498,Gachnang,4263,419,1322,750,1112,415,245
1499,Hüttlingen,836,84,272,123,184,110,63
1500,Matzingen,2826,321,852,480,752,280,141
1501,Neunforn,993,100,380,153,260,70,30
1502,Stettfurt,1200,114,356,186,332,165,47
1503,Thundorf,1446,145,380,213,380,210,118
1504,Uesslingen-Buch,1089,108,358,201,248,130,44
1505,Warth-Weiningen,1312,139,484,201,328,80,80
1506,Altnau,2197,288,602,384,636,215,72
1507,Bottighofen,2149,315,760,363,476,180,55
1508,Ermatingen,3335,511,1166,543,724,240,151
1509,Gottlieben,350,83,96,54,56,40,21
1510,Güttingen,1596,186,478,255,372,195,110
1511,Kemmental,2471,239,760,423,620,285,144
1512,Kreuzlingen,21517,4259,6654,3855,4200,1650,899
1513,Langrickenbach,1306,140,388,234,312,175,57
1514,Lengwil,1703,162,504,309,408,165,155
1515,Münsterlingen,3411,561,1072,585,816,220,157
1516,Tägerwilen,4572,553,1246,849,1316,425,183
1517,Wäldi,1037,109,320,195,212,140,61
1518,Affeltrangen,2541,265,712,417,584,340,223
1519,Bettwiesen,1230,158,328,249,260,180,55
1520,Bichelsee-Balterswil,2802,314,900,471,576,365,176
1521,Braunau,767,67,224,117,216,100,43
1522,Eschlikon,4272,547,1374,780,992,360,219
1523,Fischingen,2656,336,842,402,612,315,149
1524,Lommis,1208,128,310,222,332,110,106
1525,Münchwilen (TG),5474,700,1468,1026,1356,620,304
1526,Rickenbach (TG),2749,451,880,468,572,190,188
1527,Schönholzerswilen,837,66,182,135,228,140,86
1528,Sirnach,7654,1110,2264,1338,1848,790,304
1529,Tobel-Tägerschen,1583,198,480,261,404,170,70
1530,Wängi,4581,489,1366,732,1216,500,278
1531,Wilen (TG),2478,226,674,375,784,350,69
1532,Wuppenau,1116,101,270,168,292,210,75
1533,Berlingen,886,169,350,168,156,25,18
1534,Eschenz,1740,229,524,303,404,160,120
1535,Herdern,1023,109,344,159,244,105,62
1536,Homburg,1528,142,466,258,336,220,106
1537,Hüttwilen,1701,185,510,246,444,210,106
1538,Mammern,645,100,166,117,176,60,26
1539,Müllheim,2936,359,920,501,684,340,132
1540,Pfyn,1981,239,562,378,488,235,79
1541,Raperswilen,392,57,142,63,68,50,12
1542,Salenstein,1268,187,466,258,208,110,39
1543,Steckborn,3723,667,1196,720,704,305,131
1544,Wagenhausen,1632,236,522,297,352,140,85
1545,Amlikon-Bissegg,1324,138,462,213,308,160,43
1546,Berg (TG),3284,379,850,501,892,445,217
1547,Birwinken,1347,134,400,186,288,190,149
1548,Bürglen (TG),3761,524,1166,636,828,415,192
1549,Bussnang,2298,228,664,423,516,295,172
1550,Märstetten,2799,365,794,513,644,300,183
1551,Weinfelden,11183,1869,3574,1872,2416,965,487
1552,Wigoltingen,2412,286,742,372,568,255,189
1553,Arbedo-Castione,4946,804,1342,1071,1192,370,167
1554,Bellinzona,42574,7136,11618,9165,9948,3430,1277
1555,Cadenazzo,2897,398,662,663,636,355,183
1556,Isone,371,68,94,90,92,15,12
1557,Lumino,1452,225,388,315,356,125,43
1558,Sant'Antonino,2497,288,746,600,580,195,88
1559,Acquarossa,1823,316,548,270,388,200,101
1560,Blenio,1780,334,532,396,320,135,63
1561,Serravalle,2035,339,552,453,500,155,36
1562,Airolo,1509,318,416,297,296,135,47
1563,Bedretto,106,30,30,27,4,15,0
1564,Bodio,1019,207,258,198,184,95,77
1565,Dalpe,183,30,52,45,24,20,12
1566,Faido,2847,559,842,597,568,200,81
1567,Giornico,859,153,272,183,148,70,33
1568,Personico,341,59,82,72,88,20,20
1569,Pollegio,746,112,206,183,160,55,30
1570,Prato (Leventina),404,82,110,54,112,25,21
1571,Quinto,1011,165,282,225,192,95,52
1572,Ascona,5431,1358,1744,999,988,270,72
1573,Brione (Verzasca),184,33,48,51,24,15,13
1574,Brione sopra Minusio,483,96,186,84,96,15,6
1575,Brissago,1703,413,630,285,256,100,19
1576,Corippo,12,10,2,0,0,0,0
1577,Frasco,107,22,32,6,32,15,0
1578,Gordola,4614,682,1282,1014,1148,405,83
1579,Lavertezzo,1311,189,316,234,376,140,56
1580,Locarno,15708,3500,4646,3216,3036,1055,255
1581,Losone,6556,1126,2008,1458,1384,495,85
1582,Mergoscia,214,37,74,36,36,25,6
1583,Minusio,7070,1597,2230,1272,1480,370,121
1584,Muralto,2615,750,854,429,400,145,37
1585,Orselina,712,203,300,87,112,10,0
1586,Ronco sopra Ascona,597,156,238,96,72,35,0
1587,Sonogno,87,25,24,12,20,0,6
1588,Tenero-Contra,3064,577,830,582,656,335,84
1589,Vogorno,277,68,88,45,60,10,6
1590,Onsernone,676,160,270,84,104,40,18
1591,Cugnasco-Gerra,2860,360,760,585,856,245,54
1592,Agno,4430,776,1342,852,1032,320,108
1593,Aranno,373,45,62,75,136,55,0
1594,Arogno,993,161,250,168,232,130,52
1595,Astano,301,69,94,54,64,20,0
1596,Bedano,1533,161,350,363,480,145,34
1597,Bedigliora,624,85,170,126,156,60,27
1598,Bioggio,2613,384,766,606,536,210,111
1599,Bissone,917,201,270,228,164,35,19
1600,Brusino Arsizio,480,91,164,99,104,15,7
1601,Cademario,775,132,220,141,212,50,20
1602,Cadempino,1497,189,364,342,404,160,38
1603,Canobbio,2077,329,588,444,520,165,31
1604,Caslano,4262,716,1186,753,1092,355,160
1605,Comano,2008,268,514,372,608,190,56
1606,Croglio,847,162,240,186,164,75,20
1607,Cureglia,1382,186,390,330,360,80,36
1608,Curio,541,103,132,117,144,45,0
1609,Grancia,513,57,134,126,140,30,26
1610,Gravesano,1309,159,368,378,340,50,14
1611,Lamone,1762,286,444,396,448,150,38
1612,Lugano,62426,13513,17432,12378,12744,4565,1794
1613,Magliaso,1581,233,440,405,364,120,19
1614,Manno,1330,131,374,312,400,95,18
1615,Maroggia,674,155,204,138,128,30,19
1616,Massagno,6151,1407,1718,1104,1244,435,243
1617,Melano,1420,226,390,321,344,100,39
1618,Melide,1790,385,546,354,336,115,54
1619,Mezzovico-Vira,1345,145,326,288,396,130,60
1620,Miglieglia,311,43,92,48,64,40,24
1621,Monteggio,883,140,238,219,204,50,32
1622,Morcote,717,196,258,132,100,5,26
1623,Muzzano,800,125,226,147,204,85,13
1624,Neggio,313,41,72,75,84,35,6
1625,Novaggio,812,131,208,132,196,90,55
1626,Origlio,1471,168,324,273,456,185,65
1627,Paradiso,3984,1126,1136,633,700,280,109
1628,Ponte Capriasca,1867,220,460,390,512,220,65
1629,Ponte Tresa,780,202,264,156,112,40,6
1630,Porza,1575,242,404,339,416,160,14
1631,Pura,1354,186,394,252,352,130,40
1632,Rovio,830,133,232,192,196,35,42
1633,Savosa,2196,381,586,432,492,210,95
1634,Sessa,680,122,206,105,148,80,19
1635,Sorengo,1597,254,404,303,360,170,106
1636,Capriasca,6563,932,1734,1296,1588,740,273
1637,Torricella-Taverne,3023,350,786,729,768,270,120
1638,Vernate,579,93,174,135,124,35,18
1639,Vezia,1931,289,506,441,436,190,69
1640,Vico Morcote,381,67,118,75,64,45,12
1641,Collina d'Oro,4619,645,1234,975,1144,405,216
1642,Alto Malcantone,1393,204,358,300,324,130,77
1643,Monteceneri,4450,629,1156,1023,1084,425,133
1644,Balerna,3268,641,904,738,704,205,76
1645,Castel San Pietro,2108,313,630,405,532,175,53
1646,Chiasso,7890,2108,2252,1521,1316,475,218
1647,Coldrerio,2897,445,804,678,668,240,62
1648,Mendrisio,14680,2620,4196,3042,3340,1070,412
1649,Morbio Inferiore,4528,671,1302,1005,1076,385,89
1650,Novazzano,2331,296,664,615,540,155,61
1651,Riva San Vitale,2598,375,732,549,640,210,92
1652,Stabio,4573,559,1146,1005,1264,425,174
1653,Vacallo,3343,548,970,696,796,265,68
1654,Breggia,2015,310,584,438,472,155,56
1655,Biasca,6052,877,1694,1203,1516,580,182
1656,Riviera,4151,547,1006,954,1160,355,129
1657,Bosco/Gurin,49,15,18,3,8,5,0
1658,Campo (Vallemaggia),49,21,18,3,0,0,7
1659,Cerentino,48,16,14,3,4,5,6
1660,Cevio,1132,223,286,237,252,110,24
1661,Linescio,47,18,14,6,4,5,0
1662,Maggia,2565,385,760,519,604,230,67
1663,Lavizzara,518,97,132,84,120,55,30
1664,Avegno Gordevio,1458,189,324,297,424,175,49
1665,Terre di Pedemonte,2542,336,746,483,724,205,48
1666,Centovalli,1116,223,356,189,212,105,31
1667,Gambarogno,5088,874,1566,960,1136,420,132
1668,Aigle,10014,1609,2492,1929,2108,1155,721
1669,Bex,7556,1221,1926,1386,1708,740,575
1670,Chessel,392,43,88,84,104,55,18
1671,Corbeyrier,428,75,148,60,96,35,14
1672,Gryon,1310,260,398,234,264,100,54
1673,Lavey-Morcles,924,184,282,138,188,95,37
1674,Leysin,2588,600,708,408,644,180,48
1675,Noville,1042,92,232,201,288,110,119
1676,Ollon,6874,1079,1970,1218,1712,665,230
1677,Ormont-Dessous,1111,275,348,174,196,80,38
1678,Ormont-Dessus,1443,262,486,228,300,110,57
1679,Rennaz,842,91,224,156,196,95,80
1680,Roche (VD),1643,198,402,282,460,180,121
1681,Villeneuve (VD),5621,861,1478,1092,1232,595,363
1682,Yvorne,1030,151,294,225,252,75,33
1683,Apples,1406,159,378,222,396,150,101
1684,Aubonne,3243,444,786,657,812,335,209
1685,Ballens,524,56,136,108,140,50,34
1686,Berolle,301,27,60,45,88,60,21
1687,Bière,1568,238,374,300,412,180,64
1688,Bougy-Villars,481,55,134,69,120,70,33
1689,Féchy,896,85,194,174,296,105,42
1690,Gimel,1928,238,532,387,496,200,75
1691,Longirod,469,53,128,99,136,35,18
1692,Marchissy,451,48,112,57,148,60,26
1693,Mollens (VD),300,31,88,60,80,15,26
1694,Montherod,503,45,126,105,144,50,33
1695,Saint-George,1006,111,258,186,284,85,82
1696,Saint-Livres,680,93,194,123,176,75,19
1697,Saint-Oyens,365,28,88,72,140,25,12
1698,Saubraz,422,28,66,93,140,60,35
1699,Avenches,4091,532,1002,855,996,420,286
1700,Cudrefin,1584,200,428,312,424,160,60
1701,Faoug,894,132,324,117,232,65,24
1702,Vully-les-Lacs,3064,417,980,567,700,250,150
1703,Bettens,571,57,130,111,168,70,35
1704,Bournens,415,35,110,54,140,70,6
1705,Boussens,982,64,220,222,344,105,27
1706,La Chaux (Cossonay),421,41,102,84,104,65,25
1707,Chavannes-le-Veyron,141,16,30,30,44,15,6
1708,Chevilly,298,39,76,45,112,20,6
1709,Cossonay,3813,540,974,717,1048,380,154
1710,Cottens (VD),478,43,114,81,152,60,28
1711,Cuarnens,479,43,142,78,136,50,30
1712,Daillens,999,103,250,228,296,70,52
1713,Dizy,229,18,52,42,68,30,19
1714,Eclépens,1090,106,316,243,260,135,30
1715,Ferreyres,319,18,90,54,84,60,13
1716,Gollion,917,122,292,162,220,90,31
1717,Grancy,403,39,104,75,108,65,12
1718,L'Isle,999,131,282,168,252,100,66
1719,Lussery-Villars,458,61,122,105,128,30,12
1720,Mauraz,60,5,18,12,12,0,13
1721,Mex (VD),720,83,224,159,152,50,52
1722,Moiry,313,39,78,54,68,35,39
1723,Mont-la-Ville,418,41,116,78,120,45,18
1724,Montricher,984,117,242,201,248,95,81
1725,Orny,344,36,88,63,112,45,0
1726,Pampigny,1122,120,290,240,260,175,37
1727,Penthalaz,3242,426,924,726,844,200,122
1728,Penthaz,1722,173,444,345,576,145,39
1729,Pompaples,809,95,190,129,232,100,63
1730,La Sarraz,2568,367,616,504,692,260,129
1731,Senarclens,482,53,86,114,112,95,22
1732,Sévery,231,25,66,42,72,20,6
1733,Sullens,1004,90,288,201,296,65,64
1734,Vufflens-la-Ville,1220,136,314,234,356,100,80
1735,Assens,1068,98,266,216,348,85,55
1736,Bercher,1200,131,318,204,312,180,55
1737,Bioley-Orjulaz,469,53,128,105,144,25,14
1738,Bottens,1262,111,330,234,408,120,59
1739,Bretigny-sur-Morrens,822,104,224,183,212,75,24
1740,Cugy (VD),2710,225,630,507,704,395,249
1741,Echallens,5696,662,1384,1140,1608,670,232
1742,Essertines-sur-Yverdon,979,93,228,192,320,95,51
1743,Etagnières,1115,136,272,210,368,85,44
1744,Fey,703,48,148,156,244,90,17
1745,Froideville,2556,259,662,504,724,300,107
1746,Morrens (VD),1088,85,262,210,312,115,104
1747,Oulens-sous-Echallens,571,54,132,117,172,90,6
1748,Pailly,537,51,122,99,168,55,42
1749,Penthéréaz,418,23,120,90,116,45,24
1750,Poliez-Pittet,844,78,172,141,248,105,100
1751,Rueyres,256,25,64,36,64,30,37
1752,Saint-Barthélemy (VD),720,66,194,132,216,80,32
1753,Villars-le-Terroir,1150,95,324,234,336,125,36
1754,Vuarrens,983,63,184,186,308,180,62
1755,Montilliez,1728,173,504,333,520,145,53
1756,Goumoëns,1066,85,216,201,352,150,62
1757,Bonvillars,490,51,158,78,132,65,6
1758,Bullet,641,112,222,90,148,45,24
1759,Champagne,1024,107,266,204,304,100,43
1760,Concise,969,145,284,189,272,55,24
1761,Corcelles-près-Concise,362,43,112,78,72,35,22
1762,Fiez,425,37,104,63,148,55,18
1763,Fontaines-sur-Grandson,210,20,48,48,52,25,17
1764,Giez,419,45,120,63,116,55,20
1765,Grandevent,229,18,68,48,56,15,24
1766,Grandson,3191,467,888,684,792,255,105
1767,Mauborget,119,21,50,12,16,20,0
1768,Mutrux,163,12,32,36,32,30,21
1769,Novalles,101,9,28,30,24,10,0
1770,Onnens (VD),475,50,132,102,140,45,6
1771,Provence,366,61,120,51,72,50,12
1772,Sainte-Croix,4807,1118,1394,735,872,415,273
1773,Tévenon,824,94,246,138,224,85,37
1774,Belmont-sur-Lausanne,3650,364,980,762,1052,375,117
1775,Cheseaux-sur-Lausanne,4296,531,1210,876,1180,385,114
1776,Crissier,7561,944,1908,1560,1936,820,393
1777,Epalinges,9242,1235,2310,1779,2608,935,375
1778,Jouxtens-Mézery,1469,93,334,279,484,205,74
1779,Lausanne,135339,32246,37044,25299,25252,10505,4993
1780,Le Mont-sur-Lausanne,7962,758,2062,1695,2172,920,355
1781,Paudex,1478,255,408,342,324,110,39
1782,Prilly,12055,2630,3532,2352,2360,840,341
1783,Pully,17890,3163,5302,3570,3896,1525,434
1784,Renens (VD),20789,3498,5398,4254,4596,1945,1098
1785,Romanel-sur-Lausanne,3257,500,916,636,840,275,90
1786,Chexbres,2178,392,580,459,476,185,86
1787,Forel (Lavaux),2077,251,586,399,572,190,79
1788,Lutry,9716,1478,2828,1764,2440,910,296
1789,Puidoux,2899,338,750,582,844,260,125
1790,Rivaz,352,49,106,75,76,40,6
1791,Saint-Saphorin (Lavaux),395,64,100,72,96,45,18
1792,Savigny,3281,392,858,696,884,340,111
1793,Bourg-en-Lavaux,5250,719,1614,936,1396,425,160
1794,Aclens,534,43,126,84,148,65,68
1795,Bremblens,547,31,128,90,152,80,66
1796,Buchillon,638,49,198,135,164,55,37
1797,Bussigny,8636,1045,2338,1902,2072,815,464
1798,Bussy-Chardonney,374,36,80,81,84,75,18
1799,Chavannes-près-Renens,7549,1068,1910,1563,1796,780,432
1800,Chigny,338,25,76,54,136,35,12
1801,Clarmont,189,33,54,33,40,10,19
1802,Denens,773,60,200,123,276,65,49
1803,Denges,1617,225,382,339,440,170,61
1804,Echandens,2720,410,840,450,656,255,109
1805,Echichens,2595,226,622,510,692,385,160
1806,Ecublens (VD),11598,1734,3030,2343,2860,1060,571
1807,Etoy,2787,274,522,702,832,325,132
1808,Lavigny,949,76,216,162,312,135,48
1809,Lonay,2485,328,570,432,696,305,154
1810,Lully (VD),793,71,162,171,236,110,43
1811,Lussy-sur-Morges,648,45,150,153,192,90,18
1812,Morges,15556,2894,4462,3018,3252,1230,700
1813,Préverenges,5275,717,1430,1095,1396,460,177
1814,Reverolle,382,32,78,90,116,40,26
1815,Romanel-sur-Morges,469,33,130,129,100,40,37
1816,Saint-Prex,5652,792,1454,1161,1592,435,218
1817,Saint-Sulpice (VD),4361,814,1240,936,996,255,120
1818,Tolochenaz,1874,247,498,405,488,145,91
1819,Vaux-sur-Morges,199,8,34,27,60,30,40
1820,Villars-Sainte-Croix,934,78,246,195,260,105,50
1821,Villars-sous-Yens,612,62,144,123,200,60,23
1822,Vufflens-le-Château,884,57,192,153,348,95,39
1823,Vullierens,483,66,142,96,108,65,6
1824,Yens,1363,141,322,288,392,160,60
1825,Boulens,377,35,82,90,80,45,45
1826,Bussy-sur-Moudon,207,25,66,51,44,15,6
1827,Chavannes-sur-Moudon,220,25,46,39,48,45,17
1828,Curtilles,318,40,92,60,84,30,12
1829,Dompierre (VD),259,27,72,60,48,45,7
1830,Hermenches,362,34,84,81,104,40,19
1831,Lovatens,141,21,40,30,32,0,18
1832,Lucens,4092,565,1054,795,928,450,300
1833,Moudon,6003,694,1318,1152,1536,755,548
1834,Ogens,304,30,84,45,60,60,25
1835,Prévonloup,160,24,58,18,32,20,8
1836,Rossenges,62,8,22,9,8,15,0
1837,Syens,149,21,36,30,40,10,12
1838,Villars-le-Comte,142,16,44,30,28,5,19
1839,Vucherens,582,70,132,111,148,95,26
1840,Montanaire,2590,326,666,483,664,325,126
1841,Arnex-sur-Nyon,223,18,48,36,84,25,12
1842,Arzier-Le Muids,2630,221,708,495,900,245,61
1843,Bassins,1350,130,308,213,440,150,109
1844,Begnins,1874,253,528,339,512,190,52
1845,Bogis-Bossey,899,43,202,144,340,120,50
1846,Borex,1125,106,256,219,352,155,37
1847,Chavannes-de-Bogis,1296,98,270,321,364,170,73
1848,Chavannes-des-Bois,956,54,142,186,340,170,64
1849,Chéserex,1217,150,332,255,280,145,55
1850,Coinsins,482,54,134,117,128,30,19
1851,Commugny,2832,183,548,498,948,425,230
1852,Coppet,3126,338,690,618,1000,355,125
1853,Crans-près-Céligny,2173,185,482,414,712,265,115
1854,Crassier,1147,110,246,198,408,130,55
1855,Duillier,1072,99,254,231,340,90,58
1856,Eysins,1597,143,362,366,524,150,52
1857,Founex,3778,297,690,702,1264,575,250
1858,Genolier,1912,130,458,342,600,270,112
1859,Gingins,1207,131,318,261,296,145,56
1860,Givrins,984,85,262,198,272,100,67
1861,Gland,13050,1570,3304,2907,3752,1135,382
1862,Grens,381,18,96,81,124,55,7
1863,Mies,1995,175,366,342,616,290,206
1864,Nyon,20341,3376,5500,4215,4704,1685,861
1865,Prangins,4057,424,920,804,1168,465,276
1866,La Rippe,1164,101,228,267,356,130,82
1867,Saint-Cergue,2521,490,724,546,492,205,64
1868,Signy-Avenex,566,53,130,96,132,90,65
1869,Tannay,1587,100,342,321,472,245,107
1870,Trélex,1399,74,292,261,508,210,54
1871,Le Vaud,1270,89,278,264,436,165,38
1872,Vich,1022,116,276,207,264,110,49
1873,L'Abergement,237,25,60,42,80,30,0
1874,Agiez,310,39,92,42,64,35,38
1875,Arnex-sur-Orbe,639,78,174,105,216,60,6
1876,Ballaigues,1050,145,262,180,256,130,77
1877,Baulmes,1051,147,284,228,256,110,26
1878,Bavois,925,107,204,198,272,95,49
1879,Bofflens,189,19,50,45,60,15,0
1880,Bretonnières,262,21,82,51,60,30,18
1881,Chavornay,4878,619,1248,969,1228,535,279
1882,Les Clées,180,22,56,33,36,15,18
1883,Croy,361,62,126,54,76,30,13
1884,Juriens,308,43,106,75,56,10,18
1885,Lignerolle,416,42,102,60,92,70,50
1886,Montcherand,481,48,114,105,168,40,6
1887,Orbe,6944,1035,1808,1398,1840,605,258
1888,La Praz,158,17,52,30,44,15,0
1889,Premier,210,24,78,21,72,15,0
1890,Rances,485,40,132,84,148,75,6
1891,Romainmôtier-Envy,549,81,172,78,144,55,19
1892,Sergey,137,10,32,33,24,30,8
1893,Valeyres-sous-Rances,629,47,154,123,200,60,45
1894,Vallorbe,3833,665,1098,654,868,420,128
1895,Vaulion,485,72,138,81,112,50,32
1896,Vuiteboeuf,584,67,132,123,148,65,49
1897,Corcelles-le-Jorat,457,71,118,96,104,40,28
1898,Essertes,347,36,100,90,96,25,0
1899,Maracon,475,66,142,60,148,35,24
1900,Montpreveyres,644,68,172,84,224,60,36
1901,Ropraz,456,41,126,84,116,55,34
1902,Servion,1886,183,512,348,584,165,94
1903,Vulliens,516,61,138,78,152,75,12
1904,Jorat-Menthue,1527,160,438,291,432,150,56
1905,Oron,5394,707,1380,1008,1424,550,325
1906,Jorat-Mézières,2830,364,716,459,760,370,161
1907,Champtauroz,128,14,36,27,24,15,12
1908,Chevroux,469,61,104,69,132,90,13
1909,Corcelles-près-Payerne,2423,290,568,447,612,340,166
1910,Grandcour,885,119,214,144,228,120,60
1911,Henniez,358,40,110,81,76,25,26
1912,Missy,351,38,100,78,84,45,6
1913,Payerne,9623,1560,2388,1866,2336,910,563
1914,Trey,269,33,66,27,84,35,24
1915,Treytorrens (Payerne),118,11,34,24,28,15,6
1916,Villarzel,416,53,142,60,108,35,18
1917,Valbroye,2974,353,790,582,764,335,150
1918,Château-d'Oex,3352,612,896,573,704,400,167
1919,Rossinière,527,60,166,84,108,45,64
1920,Rougemont,885,208,272,162,136,75,32
1921,Allaman,437,56,118,60,128,50,25
1922,Bursinel,487,33,120,108,148,45,33
1923,Bursins,735,90,184,174,200,55,32
1924,Burtigny,342,43,74,42,76,50,57
1925,Dully,638,45,152,126,168,100,47
1926,Essertines-sur-Rolle,691,57,152,114,204,100,64
1927,Gilly,1307,150,326,288,392,105,46
1928,Luins,603,79,168,123,132,75,26
1929,Mont-sur-Rolle,2648,272,552,447,856,315,206
1930,Perroy,1504,159,380,294,400,205,66
1931,Rolle,5780,799,1466,1296,1540,445,234
1932,Tartegnin,234,21,76,36,52,25,24
1933,Vinzel,369,41,74,66,140,30,18
1934,L'Abbaye,1479,250,458,237,336,130,68
1935,Le Chenit,4564,817,1376,813,944,415,199
1936,Le Lieu,865,161,250,171,180,85,18
1937,Blonay,6061,732,1630,1113,1836,595,155
1938,Chardonne,2767,472,874,564,552,235,70
1939,Corseaux,2228,365,772,381,492,140,78
1940,Corsier-sur-Vevey,3374,597,986,615,720,305,151
1941,Jongny,1533,161,496,243,400,185,48
1942,Montreux,24191,5265,7272,4542,4448,1730,934
1943,Saint-Légier-La Chiésaz,5040,484,1242,942,1496,650,226
1944,La Tour-de-Peilz,11685,2283,3268,2229,2568,1005,332
1945,Vevey,19558,4145,5246,3687,4004,1460,1016
1946,Veytaux,867,241,274,150,132,45,25
1947,Belmont-sur-Yverdon,378,36,76,87,116,45,18
1948,Bioley-Magnoux,225,20,70,42,48,30,15
1949,Chamblon,533,65,156,117,164,25,6
1950,Champvent,672,47,142,156,228,75,24
1951,Chavannes-le-Chêne,298,51,76,54,60,45,12
1952,Chêne-Pâquier,138,14,24,18,48,0,34
1953,Cheseaux-Noréaz,698,41,164,147,244,70,32
1954,Cronay,380,36,130,63,96,55,0
1955,Cuarny,240,19,50,51,76,20,24
1956,Démoret,145,12,52,39,32,10,0
1957,Donneloye,809,83,224,147,192,75,88
1958,Ependes (VD),361,43,84,78,104,40,12
1959,Mathod,605,45,134,96,152,105,73
1960,Molondin,232,14,72,54,52,15,25
1961,Montagny-près-Yverdon,716,55,172,123,200,100,66
1962,Oppens,194,18,32,48,44,20,32
1963,Orges,334,46,78,54,108,30,18
1964,Orzens,193,25,70,42,36,20,0
1965,Pomy,784,59,186,120,316,85,18
1966,Rovray,185,18,46,45,20,50,6
1967,Suchy,604,43,154,105,200,60,42
1968,Suscévaz,199,25,66,30,40,25,13
1969,Treycovagnes,451,43,126,111,112,35,24
1970,Ursins,218,23,66,51,52,20,6
1971,Valeyres-sous-Montagny,705,79,180,144,192,65,45
1972,Valeyres-sous-Ursins,238,23,62,33,68,40,12
1973,Villars-Epeney,106,3,18,36,28,15,6
1974,Vugelles-La Mothe,122,11,26,24,28,10,23
1975,Yverdon-les-Bains,29759,5211,7652,5649,6588,2890,1769
1976,Yvonand,3294,488,854,624,844,300,184
1977,Brig-Glis,12746,2057,3636,2310,2988,1295,460
1978,Eggerberg,339,47,102,90,64,30,6
1979,Naters,9847,1491,3152,1689,2220,960,335
1980,Ried-Brig,2079,219,582,348,616,270,44
1981,Simplon,304,40,76,54,84,50,0
1982,Termen,909,97,232,147,256,120,57
1983,Zwischbergen,77,26,24,15,12,0,0
1984,Ardon,3079,339,758,618,844,355,165
1985,Chamoson,3714,554,1152,687,848,295,178
1986,Conthey,8586,1147,2520,1644,1964,815,496
1987,Nendaz,6449,979,1906,1191,1564,510,299
1988,Vétroz,6219,651,1468,1242,1696,805,357
1989,Bagnes,8017,1528,2224,1515,1728,740,282
1990,Bourg-Saint-Pierre,166,32,54,30,40,10,0
1991,Liddes,762,114,192,150,136,120,50
1992,Orsières,3177,467,786,546,728,435,215
1993,Sembrancher,1023,200,272,180,212,90,69
1994,Vollèges,1991,251,476,342,512,330,80
1995,Bellwald,381,67,130,54,84,40,6
1996,Binn,139,28,32,9,44,20,6
1997,Ernen,499,105,176,81,92,30,15
1998,Fiesch,903,178,286,171,176,80,12
1999,Fieschertal,332,47,88,48,108,35,6
2000,Lax,308,54,106,33,52,50,13
2001,Obergoms,652,118,200,105,144,55,30
2002,Goms,1189,202,440,159,232,110,46
2003,Ayent,3916,617,1192,720,888,390,109
2004,Evolène,1695,365,516,279,380,130,25
2005,Hérémence,1341,227,544,216,212,115,27
2006,Saint-Martin (VS),796,154,270,99,144,105,24
2007,Vex,1790,304,498,318,408,170,92
2008,Mont-Noble,1050,244,398,165,152,65,26
2009,Agarn,749,83,188,132,232,70,44
2010,Albinen,243,53,90,30,32,25,13
2011,Ergisch,185,33,62,15,52,10,13
2012,Inden,107,28,40,12,12,15,0
2013,Leuk,3871,573,1174,660,892,435,137
2014,Leukerbad,1401,349,418,246,280,70,38
2015,Oberems,123,24,28,15,36,20,0
2016,Salgesch,1498,218,404,264,372,165,75
2017,Varen,616,105,200,126,140,25,20
2018,Guttet-Feschel,417,69,130,57,84,65,12
2019,Gampel-Bratsch,1940,293,602,363,436,220,26
2020,Turtmann-Unterems,1098,150,340,186,256,110,56
2021,Bovernier,902,130,278,153,204,125,12
2022,Charrat,1778,200,450,402,476,195,55
2023,Fully,8646,1194,2174,1758,2192,925,403
2024,Isérables,827,176,224,171,156,75,25
2025,Leytron,3139,480,1084,564,736,205,70
2026,Martigny,17787,3093,5004,3372,3840,1655,823
2027,Martigny-Combe,2295,452,654,378,532,210,69
2028,Riddes,2997,422,884,558,716,250,167
2029,Saillon,2540,357,674,468,692,290,59
2030,Saxon,5693,803,1450,1194,1416,485,345
2031,Trient,179,40,48,33,28,30,0
2032,Champéry,1340,242,476,234,220,130,38
2033,Collombey-Muraz,8959,1060,2122,1872,2572,940,393
2034,Monthey,17367,2162,4042,3543,3928,1980,1712
2035,Port-Valais,3498,468,978,678,828,365,181
2036,Saint-Gingolph,894,171,264,165,172,85,37
2037,Troistorrents,4562,630,1318,855,1040,460,259
2038,Val-d'Illiez,1879,308,582,330,412,130,117
2039,Vionnaz,2630,390,774,483,620,270,93
2040,Vouvry,4089,511,1016,828,1028,410,296
2041,Bister,32,6,8,9,4,5,0
2042,Bitsch,973,108,252,198,268,135,12
2043,Grengiols,430,51,110,87,84,65,33
2044,Riederalp,481,73,156,69,128,55,0
2045,Ausserberg,620,84,188,72,144,105,27
2046,Blatten,294,45,84,54,72,20,19
2047,Bürchen,708,101,246,129,144,70,18
2048,Eischoll,435,62,144,87,120,15,7
2049,Ferden,251,51,64,39,72,25,0
2050,Kippel,327,46,106,39,96,40,0
2051,Niedergesteln,698,75,210,138,224,45,6
2052,Raron,1923,223,518,333,500,235,114
2053,Unterbäch,418,61,140,69,104,30,14
2054,Wiler (Lötschen),565,73,126,75,160,100,31
2055,Mörel-Filet,677,102,222,126,156,65,6
2056,Steg-Hohtenn,1555,237,500,336,328,110,44
2057,Bettmeralp,449,104,118,81,124,15,7
2058,Collonges,771,161,230,99,200,75,6
2059,Dorénaz,917,118,238,189,204,120,48
2060,Evionnaz,1218,162,356,228,272,135,65
2061,Finhaut,383,107,106,75,44,45,6
2062,Massongex,1777,230,416,354,500,165,112
2063,Saint-Maurice,4439,501,954,789,1144,505,546
2064,Salvan,1346,277,442,192,292,100,43
2065,Vernayaz,1861,269,488,366,476,185,77
2066,Vérossaz,747,83,220,129,192,85,38
2067,Chalais,3487,511,910,636,944,350,136
2068,Chippis,1561,208,420,324,420,145,44
2069,Grône,2393,338,676,462,632,150,135
2070,Icogne,563,86,170,87,136,60,24
2071,Lens,4094,687,1308,738,768,415,178
2072,Miège,1333,156,324,258,316,225,54
2073,Saint-Léonard,2295,255,580,501,656,205,98
2074,Sierre,16560,2858,4516,3321,3636,1500,729
2075,Venthône,1252,166,346,204,316,160,60
2076,Veyras,1807,244,486,342,468,235,32
2077,Anniviers,2701,563,836,444,540,240,78
2078,Crans-Montana,9318,1792,2768,1773,1940,755,290
2079,Arbaz,1246,184,402,189,312,105,54
2080,Grimisuat,3287,366,800,567,1040,385,129
2081,Savièse,7528,1105,2190,1389,1872,760,212
2082,Sion,33742,6167,9172,6432,7400,2990,1581
2083,Veysonnaz,593,106,204,78,136,55,14
2084,Baltschieder,1323,118,322,252,416,190,25
2085,Eisten,194,36,58,21,52,15,12
2086,Embd,279,31,84,60,84,20,0
2087,Grächen,1289,239,340,264,296,120,30
2088,Lalden,666,68,156,117,200,100,25
2089,Randa,442,57,114,72,132,55,12
2090,Saas-Almagell,376,59,82,63,124,30,18
2091,Saas-Balen,346,56,92,63,120,15,0
2092,Saas-Fee,1578,370,440,243,384,125,16
2093,Saas-Grund,1017,146,290,186,332,45,18
2094,St. Niklaus,2195,259,588,378,592,275,103
2095,Stalden (VS),1087,156,350,186,308,45,42
2096,Staldenried,541,60,162,90,148,75,6
2097,Täsch,1287,195,280,312,380,80,40
2098,Törbel,463,66,138,75,108,70,6
2099,Visp,7747,1231,2334,1359,1848,650,325
2100,Visperterminen,1351,151,384,204,408,170,34
2101,Zeneggen,280,40,74,36,76,40,14
2102,Zermatt,5578,1306,1504,1020,1292,305,151
2103,Bevaix,3744,525,1080,780,1032,245,82
2104,Boudry,6003,995,1574,1209,1548,430,247
2105,Corcelles-Cormondrèche,4694,649,1232,867,1288,420,238
2106,Cortaillod,4718,761,1366,795,1320,360,116
2107,Fresens,244,26,70,27,56,35,30
2108,Gorgier,1997,265,610,378,492,180,72
2109,Montalchez,240,25,60,36,64,30,25
2110,Peseux,5717,1130,1484,981,1488,485,149
2111,Rochefort,1266,156,396,210,328,120,56
2112,Saint-Aubin-Sauges,2353,432,704,459,532,190,36
2113,Vaumarcus,268,32,86,42,72,30,6
2114,Milvignes,8914,1314,2656,1569,2280,835,260
2115,La Chaux-de-Fonds,37850,7763,10174,7215,8384,3050,1264
2116,Les Planchettes,202,25,74,27,20,35,21
2117,La Sagne,952,146,266,150,248,80,62
2118,Les Brenets,1039,187,330,186,196,120,20
2119,La Brévine,621,102,218,81,112,90,18
2120,Brot-Plamboz,263,25,68,51,64,25,30
2121,Le Cerneux-Péquignot,311,31,80,39,84,70,7
2122,La Chaux-du-Milieu,487,41,132,60,120,100,34
2123,Le Locle,10175,1951,2882,1785,2280,835,442
2124,Les Ponts-de-Martel,1264,150,372,204,284,175,79
2125,Cornaux,1574,229,454,360,384,110,37
2126,Cressier (NE),1841,230,502,429,496,150,34
2127,Enges,274,34,90,42,92,10,6
2128,Hauterive (NE),2623,488,812,444,572,240,67
2129,Le Landeron,4591,707,1304,909,1104,365,202
2130,Lignières,950,129,232,144,304,110,31
2131,Neuchâtel,32486,7450,9428,5913,6216,2385,1094
2132,Saint-Blaise,3202,505,950,591,732,310,114
2133,La Tène,4890,669,1252,939,1300,505,225
2134,Valangin,502,49,100,135,124,70,24
2135,Val-de-Ruz,16745,2159,4418,2952,4812,1755,649
2136,La Côte-aux-Fées,422,94,118,54,80,45,31
2137,Les Verrières,707,136,186,96,144,95,50
2138,Val-de-Travers,10499,2010,3148,1752,2240,875,474
2139,Aire-la-Ville,1159,70,206,222,400,170,91
2140,Anières,2249,148,384,411,616,365,325
2141,Avully,1751,159,400,375,448,215,154
2142,Avusy,1426,93,284,288,432,190,139
2143,Bardonnex,2192,209,468,480,524,250,261
2144,Bellevue,3115,225,528,669,832,475,386
2145,Bernex,9805,998,2208,2010,2484,1170,935
2146,Carouge (GE),21281,3643,4784,4521,4596,2160,1577
2147,Cartigny,948,63,190,180,256,125,134
2148,Céligny,760,75,140,156,208,115,66
2149,Chancy,1664,108,244,282,540,215,275
2150,Chêne-Bougeries,11287,1412,2388,1971,2792,1390,1334
2151,Chêne-Bourg,8558,1179,1848,1833,1936,935,827
2152,Choulex,1133,123,222,213,296,140,139
2153,Collex-Bossy,1647,106,324,306,480,270,161
2154,Collonge-Bellerive,7939,515,1470,1320,2216,1285,1133
2155,Cologny,5353,546,1130,1047,1288,715,627
2156,Confignon,4542,356,866,786,1376,645,513
2157,Corsier (GE),2041,163,376,396,552,265,289
2158,Dardagny,1757,168,286,351,448,285,219
2159,Genève,187816,41907,44794,36420,35440,16080,13175
2160,Genthod,2667,159,538,471,780,405,314
2161,Le Grand-Saconnex,11482,1270,2278,2319,2920,1525,1170
2162,Gy,476,36,78,114,84,75,89
2163,Hermance,991,73,170,177,264,135,172
2164,Jussy,1282,88,230,252,308,130,274
2165,Laconnex,678,38,164,108,204,65,99
2166,Lancy,31283,4115,6698,6405,7796,3520,2749
2167,Meinier,2126,219,444,336,488,300,339
2168,Meyrin,23238,2886,4806,4635,5072,2840,2999
2169,Onex,18474,2722,4188,3594,4248,1995,1727
2170,Perly-Certoux,3041,323,722,588,776,305,327
2171,Plan-les-Ouates,10560,754,1800,1953,3188,1685,1180
2172,Pregny-Chambésy,3536,287,644,663,1080,440,422
2173,Presinge,592,59,116,99,164,80,74
2174,Puplinge,2416,274,624,531,612,200,175
2175,Russin,543,48,112,84,172,50,77
2176,Satigny,4003,299,642,660,1128,495,779
2177,Soral,778,60,154,153,172,150,89
2178,Thônex,13826,1912,2938,2598,3112,1785,1481
2179,Troinex,2355,179,424,504,676,315,257
2180,Vandoeuvres,2470,155,410,438,632,430,405
2181,Vernier,33728,4063,6820,6471,7904,4150,4320
2182,Versoix,12449,1327,2450,2544,3204,1570,1354
2183,Veyrier,11056,786,1910,2001,3244,1845,1270
2184,Boécourt,913,114,236,159,200,145,59
2185,Bourrignon,260,24,86,60,48,30,12
2186,Châtillon (JU),474,49,134,63,108,60,60
2187,Corban,472,54,126,72,132,75,13
2188,Courchapoix,427,61,98,66,136,60,6
2189,Courrendlin,2936,409,836,546,728,305,112
2190,Courroux,3214,402,890,570,820,405,127
2191,Courtételle,2559,337,720,495,656,275,76
2192,Delémont,12374,2332,3580,2190,2588,1205,479
2193,Develier,1354,154,354,192,384,225,45
2194,Ederswiler,119,22,36,15,24,10,12
2195,Mervelier,489,63,146,99,100,55,26
2196,Mettembert,105,17,30,18,40,0,0
2197,Movelier,413,64,152,72,64,40,21
2198,Pleigne,351,56,96,42,76,75,6
2199,Rebeuvelier,386,34,120,45,120,30,37
2200,Rossemaison,641,57,178,129,184,75,18
2201,Saulcy,263,25,88,39,68,30,13
2202,Soyhières,440,68,166,75,104,15,12
2203,Vellerat,65,9,24,12,20,0,0
2204,Haute-Sorne,6777,887,1872,1167,1688,810,353
2205,Val Terbi,2677,307,770,456,696,370,78
2206,Le Bémont (JU),313,30,94,45,68,40,36
2207,Les Bois,1237,159,322,186,304,145,121
2208,Les Breuleux,1523,213,372,282,336,200,120
2209,La Chaux-des-Breuleux,81,10,22,12,16,15,6
2210,Les Enfers,137,18,32,21,24,30,12
2211,Les Genevez (JU),492,71,150,63,132,70,6
2212,Lajoux (JU),655,90,172,129,160,55,49
2213,Montfaucon,589,79,188,93,116,70,43
2214,Muriaux,488,68,126,57,108,50,79
2215,Le Noirmont,1831,287,492,330,428,220,74
2216,Saignelégier,2530,393,650,450,596,295,146
2217,Saint-Brais,225,34,46,27,68,50,0
2218,Soubey,130,19,40,27,24,5,15
2219,Alle,1808,237,452,309,432,245,133
2220,Beurnevésin,119,29,40,15,20,15,0
2221,Boncourt,1197,231,340,240,280,70,36
2222,Bonfol,651,132,232,99,96,65,27
2223,Bure,657,89,196,99,164,90,19
2224,Coeuve,725,59,180,108,216,90,72
2225,Cornol,1005,147,266,171,280,115,26
2226,Courchavon,293,31,72,45,88,45,12
2227,Courgenay,2259,346,622,396,580,230,85
2228,Courtedoux,773,89,240,147,184,95,18
2229,Damphreux,184,28,46,33,52,25,0
2230,Fahy,359,47,126,39,80,55,12
2231,Fontenais,1650,217,454,270,408,220,81
2232,Grandfontaine,387,42,98,90,52,40,65
2233,Lugnez,189,19,64,42,28,30,6
2234,Porrentruy,6518,1483,1860,1059,1244,665,207
2235,Rocourt,154,14,64,27,32,5,12
2236,Vendlincourt,551,66,164,81,132,70,38
2237,Basse-Allaine,1193,192,346,180,264,150,61
2238,Clos du Doubs,1258,216,398,192,224,150,78
2239,Haute-Ajoie,935,151,292,183,176,85,48
2240,La Baroche,1175,169,318,177,288,115,108
